id,ts,key,value,beauty_salon_id
5060,2023-10-09 08:01:27,Parking,"Lot, Private",529
5061,2023-10-09 08:01:27,Wheelchair Accessible,Yes,529
5062,2023-10-09 08:01:27,By Appointment Only,Yes,529
9033,2023-10-09 09:59:41,Parking,"Lot, Private",909
9034,2023-10-09 09:59:41,Bike Parking,Yes,909
9035,2023-10-09 09:59:41,Wheelchair Accessible,Yes,909
9036,2023-10-09 09:59:41,Price Range,Average,909
9037,2023-10-09 09:59:41,By Appointment Only,No,909
13947,2023-10-09 13:36:13,Parking,"Lot, Private",1475
13948,2023-10-09 13:36:13,Bike Parking,Yes,1475
13949,2023-10-09 13:36:13,Wheelchair Accessible,Yes,1475
13950,2023-10-09 13:36:13,Price Range,Average,1475
13951,2023-10-09 13:36:13,By Appointment Only,Yes,1475
14103,2023-10-09 13:39:38,Parking,Street,1497
18467,2023-10-09 16:42:31,Parking,"Lot, Private",2118
18468,2023-10-09 16:42:31,Wheelchair Accessible,Yes,2118
18469,2023-10-09 16:42:31,Bike Parking,Yes,2118
21450,2023-10-09 18:39:51,Parking,Street,2524
21451,2023-10-09 18:39:51,Bike Parking,Yes,2524
21452,2023-10-09 18:39:51,Wheelchair Accessible,No,2524
21453,2023-10-09 18:39:51,Price Range,Above Average,2524
21454,2023-10-09 18:39:51,By Appointment Only,Yes,2524
24484,2023-10-09 20:32:16,By Appointment Only,No,2970
29534,2023-10-10 00:44:16,Parking,Street,3694
29535,2023-10-10 00:44:16,Bike Parking,Yes,3694
29536,2023-10-10 00:44:16,Wheelchair Accessible,Yes,3694
29537,2023-10-10 00:44:16,Price Range,Average,3694
29538,2023-10-10 00:44:16,By Appointment Only,No,3694
33309,2023-10-10 03:32:26,Parking,Lot,4153
33310,2023-10-10 03:32:26,By Appointment Only,Yes,4153
33311,2023-10-10 03:32:26,Services,Medical Services,4153
36779,2023-10-10 05:56:24,By Appointment Only,No,4629
36780,2023-10-10 05:56:24,Price Range,Average,4629
36781,2023-10-10 05:56:24,Bike Parking,Yes,4629
36782,2023-10-10 05:56:24,Parking,"Lot, Private",4629
37377,2023-10-10 06:38:32,Parking,"Lot, Private",4774
37378,2023-10-10 06:38:32,Price Range,Average,4774
37379,2023-10-10 06:38:32,By Appointment Only,Yes,4774
37685,2023-10-10 07:04:07,Parking,Lot,4840
37686,2023-10-10 07:04:07,Bike Parking,Yes,4840
37687,2023-10-10 07:04:07,By Appointment Only,Yes,4840
38998,2023-10-10 08:17:12,Parking,"Lot, Free",5057
38999,2023-10-10 08:17:12,Bike Parking,No,5057
39000,2023-10-10 08:17:12,Wheelchair Accessible,Yes,5057
39001,2023-10-10 08:17:12,Price Range,Average,5057
45726,2023-10-10 13:29:13,Parking,"Lot, Private",6035
45727,2023-10-10 13:29:13,Bike Parking,No,6035
45728,2023-10-10 13:29:13,By Appointment Only,Yes,6035
45729,2023-10-10 13:29:13,Wheelchair Accessible,Yes,6035
56607,2023-10-10 23:30:33,Parking,Street,7484
56608,2023-10-10 23:30:33,Wheelchair Accessible,Yes,7484
56609,2023-10-10 23:30:33,Price Range,Average,7484
56610,2023-10-10 23:30:33,By Appointment Only,Yes,7484
60882,2023-10-11 05:22:34,Parking,Street,8241
60883,2023-10-11 05:22:34,Wheelchair Accessible,Yes,8241
60884,2023-10-11 05:22:34,Price Range,Average,8241
60885,2023-10-11 05:22:34,Bike Parking,Yes,8241
60886,2023-10-11 05:22:34,By Appointment Only,Yes,8241
62848,2023-10-11 07:49:13,Parking,Lot,8581
62849,2023-10-11 07:49:13,By Appointment Only,Yes,8581
69573,2023-10-11 11:36:45,Parking,"Lot, Private",9348
69574,2023-10-11 11:36:45,Bike Parking,Yes,9348
69575,2023-10-11 11:36:45,By Appointment Only,Yes,9348
69576,2023-10-11 11:36:45,Wheelchair Accessible,Yes,9348
70026,2023-10-11 11:56:51,Parking,Lot,9433
70027,2023-10-11 11:56:51,Bike Parking,Yes,9433
70028,2023-10-11 11:56:51,Wheelchair Accessible,Yes,9433
70029,2023-10-11 11:56:51,By Appointment Only,Yes,9433
70030,2023-10-11 11:56:51,Price Range,Average,9433
72657,2023-10-11 14:06:03,Parking,Lot,9905
72658,2023-10-11 14:06:03,Bike Parking,Yes,9905
72659,2023-10-11 14:06:03,Price Range,Average,9905
72660,2023-10-11 14:06:03,By Appointment Only,Yes,9905
73357,2023-10-11 14:39:14,Parking,Lot,10035
73358,2023-10-11 14:39:14,Price Range,Above Average,10035
73359,2023-10-11 14:39:14,By Appointment Only,Yes,10035
76893,2023-10-11 17:33:05,Parking,Street,10625
76894,2023-10-11 17:33:05,Bike Parking,Yes,10625
76895,2023-10-11 17:33:05,Wheelchair Accessible,Yes,10625
76896,2023-10-11 17:33:05,Price Range,Average,10625
76897,2023-10-11 17:33:05,By Appointment Only,Yes,10625
76898,2023-10-11 17:33:12,Price Range,Average,10626
76899,2023-10-11 17:33:12,Wheelchair Accessible,No,10626
76900,2023-10-11 17:33:12,Parking,"Lot, Private",10626
76901,2023-10-11 17:33:12,Bike Parking,Yes,10626
76902,2023-10-11 17:33:12,By Appointment Only,No,10626
77506,2023-10-11 17:49:31,Parking,"Street, Lot, Private",10672
77507,2023-10-11 17:49:31,Bike Parking,Yes,10672
77508,2023-10-11 17:49:31,Wheelchair Accessible,No,10672
79316,2023-10-11 19:34:43,Parking,Street,10861
79317,2023-10-11 19:34:43,Bike Parking,Yes,10861
79318,2023-10-11 19:34:43,Wheelchair Accessible,Yes,10861
79319,2023-10-11 19:34:43,Price Range,Average,10861
79320,2023-10-11 19:34:43,By Appointment Only,Yes,10861
79366,2023-10-11 19:38:05,Parking,Street,10867
79367,2023-10-11 19:38:05,Bike Parking,Yes,10867
79368,2023-10-11 19:38:05,Wheelchair Accessible,Yes,10867
79369,2023-10-11 19:38:05,Price Range,Average,10867
79370,2023-10-11 19:38:05,By Appointment Only,Yes,10867
79713,2023-10-11 20:05:42,Parking,Street,10901
79714,2023-10-11 20:05:42,Bike Parking,Yes,10901
79715,2023-10-11 20:05:42,Price Range,Average,10901
79716,2023-10-11 20:05:42,By Appointment Only,Yes,10901
79717,2023-10-11 20:05:42,Services,Medical Services,10901
82620,2023-10-12 00:41:11,Parking,Lot,11164
91079,2023-10-12 07:53:27,By Appointment Only,Yes,11965
96386,2023-10-12 13:23:20,Parking,"Lot, Private",12611
96387,2023-10-12 13:23:20,Bike Parking,Yes,12611
96388,2023-10-12 13:23:20,Wheelchair Accessible,Yes,12611
96389,2023-10-12 13:23:20,Price Range,Average,12611
96390,2023-10-12 13:23:20,By Appointment Only,No,12611
100655,2023-10-12 17:28:31,Parking,Street,13391
100656,2023-10-12 17:28:31,Bike Parking,Yes,13391
100657,2023-10-12 17:28:31,Wheelchair Accessible,No,13391
100658,2023-10-12 17:28:31,Price Range,Average,13391
100659,2023-10-12 17:28:31,By Appointment Only,Yes,13391
104783,2023-10-12 21:01:16,Parking,"Street, Lot, Private",13912
104784,2023-10-12 21:01:16,Wheelchair Accessible,No,13912
104785,2023-10-12 21:01:16,By Appointment Only,Yes,13912
115876,2023-10-13 09:00:07,Parking,Lot,16215
121315,2023-10-13 17:34:45,Wheelchair Accessible,Yes,17698
121316,2023-10-13 17:34:45,Parking,"Lot, Private",17698
121317,2023-10-13 17:34:45,Bike Parking,Yes,17698
121318,2023-10-13 17:34:45,By Appointment Only,Yes,17698
122474,2023-10-13 20:40:54,By Appointment Only,Yes,18131
125775,2023-10-13 23:39:39,Wheelchair Accessible,Yes,18983
125776,2023-10-13 23:39:39,Parking,"Garage, Street",18983
125777,2023-10-13 23:39:39,Bike Parking,Yes,18983
126660,2023-10-14 00:29:45,By Appointment Only,Yes,19354
129652,2023-10-14 07:52:29,Price Range,Above Average,20855
131280,2023-10-14 12:25:37,Parking,"Lot, Private",21388
131281,2023-10-14 12:25:37,Wheelchair Accessible,Yes,21388
131282,2023-10-14 12:25:37,By Appointment Only,Yes,21388
131283,2023-10-14 12:25:37,Services,"Vein Treatments, Medical Services",21388
131284,2023-10-14 12:25:37,Bike Parking,Yes,21388
137269,2023-10-15 01:30:54,Parking,Lot,23365
137270,2023-10-15 01:30:54,By Appointment Only,Yes,23365
142480,2023-10-18 15:05:59,Bike Parking,Yes,25032
142481,2023-10-18 15:05:59,Wheelchair Accessible,Yes,25032
142482,2023-10-18 15:05:59,Price Range,Average,25032
142483,2023-10-18 15:05:59,Parking,"Lot, Free",25032
142484,2023-10-18 15:05:59,By Appointment Only,Yes,25032
142485,2023-10-18 15:05:59,Services,Medical Services,25032
144877,2023-10-18 20:23:17,Price Range,Average,25981
144878,2023-10-18 20:23:17,Wheelchair Accessible,No,25981
144879,2023-10-18 20:23:17,Parking,"Lot, Private",25981
144880,2023-10-18 20:23:17,By Appointment Only,Yes,25981
146670,2023-10-18 23:51:26,Parking,Free,26833
149300,2023-10-19 03:52:28,Wheelchair Accessible,Yes,28876
149301,2023-10-19 03:52:28,Parking,"Lot, Free",28876
149521,2023-10-19 04:08:05,Parking,Lot,28969
151728,2023-10-19 08:28:45,Parking,Street,31223
151729,2023-10-19 08:28:45,Wheelchair Accessible,No,31223
151730,2023-10-19 08:28:45,Price Range,Average,31223
151731,2023-10-19 08:28:45,Bike Parking,Yes,31223
151732,2023-10-19 08:28:45,By Appointment Only,Yes,31223
154851,2023-10-19 14:19:41,Parking,"Lot, Private",35489
156697,2023-10-19 21:07:06,Parking,"Lot, Private",39428
156698,2023-10-19 21:07:06,Price Range,Average,39428
156699,2023-10-19 21:07:06,By Appointment Only,Yes,39428
16464,2023-10-09 15:11:01,Parking,"Lot, Private",56025
16465,2023-10-09 15:11:01,Bike Parking,Yes,56025
16466,2023-10-09 15:11:01,Wheelchair Accessible,Yes,56025
16467,2023-10-09 15:11:01,Price Range,Average,56025
16468,2023-10-09 15:11:01,By Appointment Only,Yes,56025
34399,2023-10-10 04:15:41,Bike Parking,Yes,62388
34400,2023-10-10 04:15:41,Price Range,Below Average,62388
34401,2023-10-10 04:15:41,By Appointment Only,Yes,62388
40416,2023-10-10 08:57:41,Parking,Street,63641
40417,2023-10-10 08:57:41,Bike Parking,Yes,63641
40418,2023-10-10 08:57:41,Wheelchair Accessible,Yes,63641
40419,2023-10-10 08:57:41,Price Range,Below Average,63641
40420,2023-10-10 08:57:41,By Appointment Only,No,63641
41130,2023-10-10 09:28:27,Parking,Street,63747
41131,2023-10-10 09:28:27,Bike Parking,Yes,63747
41132,2023-10-10 09:28:27,Wheelchair Accessible,Yes,63747
41133,2023-10-10 09:28:27,Price Range,Average,63747
41134,2023-10-10 09:28:27,By Appointment Only,No,63747
42837,2023-10-10 11:04:43,Parking,"Validated, Lot, Private",64138
42838,2023-10-10 11:04:43,Bike Parking,Yes,64138
42839,2023-10-10 11:04:43,Wheelchair Accessible,Yes,64138
42840,2023-10-10 11:04:43,Price Range,Average,64138
42841,2023-10-10 11:04:43,By Appointment Only,No,64138
62769,2023-10-11 07:46:10,Parking,Lot,69761
63067,2023-10-11 07:58:13,Parking,"Lot, Private",69887
63068,2023-10-11 07:58:13,Bike Parking,Yes,69887
63069,2023-10-11 07:58:13,Wheelchair Accessible,Yes,69887
63070,2023-10-11 07:58:13,Price Range,Average,69887
63071,2023-10-11 07:58:13,By Appointment Only,Yes,69887
63876,2023-10-11 08:37:09,Parking,Street,70020
63877,2023-10-11 08:37:09,Bike Parking,Yes,70020
63878,2023-10-11 08:37:09,By Appointment Only,Yes,70020
65179,2023-10-11 08:55:56,Parking,"Lot, Private",70210
65180,2023-10-11 08:55:56,Bike Parking,Yes,70210
65181,2023-10-11 08:55:56,Wheelchair Accessible,Yes,70210
65182,2023-10-11 08:55:56,Price Range,Below Average,70210
65183,2023-10-11 08:55:56,By Appointment Only,Yes,70210
65322,2023-10-11 08:57:45,Bike Parking,No,70222
65323,2023-10-11 08:57:45,Wheelchair Accessible,Yes,70222
65324,2023-10-11 08:57:45,Price Range,Average,70222
65325,2023-10-11 08:57:45,By Appointment Only,Yes,70222
65794,2023-10-11 09:12:49,Parking,Street,70308
65795,2023-10-11 09:12:49,Bike Parking,Yes,70308
65796,2023-10-11 09:12:49,Wheelchair Accessible,Yes,70308
65797,2023-10-11 09:12:49,Price Range,Below Average,70308
65798,2023-10-11 09:12:49,By Appointment Only,No,70308
65800,2023-10-11 09:13:03,Parking,"Lot, Private",70309
65801,2023-10-11 09:13:03,Bike Parking,Yes,70309
65802,2023-10-11 09:13:03,Wheelchair Accessible,Yes,70309
65803,2023-10-11 09:13:03,By Appointment Only,Yes,70309
66785,2023-10-11 10:01:39,Parking,"Lot, Private",70744
66786,2023-10-11 10:01:39,Bike Parking,Yes,70744
66787,2023-10-11 10:01:39,Price Range,Average,70744
66788,2023-10-11 10:01:39,By Appointment Only,Yes,70744
77460,2023-10-11 17:48:25,Parking,"Lot, Private",73541
77461,2023-10-11 17:48:25,Bike Parking,No,73541
77462,2023-10-11 17:48:25,Wheelchair Accessible,Yes,73541
77463,2023-10-11 17:48:25,Price Range,Average,73541
77464,2023-10-11 17:48:25,By Appointment Only,Yes,73541
77465,2023-10-11 17:48:25,Services,Chiropractor Information,73541
80698,2023-10-11 22:12:47,Parking,"Lot, Private",74023
80699,2023-10-11 22:12:47,Price Range,Average,74023
80700,2023-10-11 22:12:47,By Appointment Only,Yes,74023
82550,2023-10-12 00:34:20,Wheelchair Accessible,Yes,74197
82551,2023-10-12 00:34:20,Price Range,Average,74197
94888,2023-10-12 12:32:37,Parking,"Lot, Private",76167
94889,2023-10-12 12:32:37,Wheelchair Accessible,No,76167
94890,2023-10-12 12:32:37,Price Range,Average,76167
94891,2023-10-12 12:32:37,By Appointment Only,Yes,76167
95750,2023-10-12 13:07:01,Bike Parking,Yes,76403
95751,2023-10-12 13:07:01,Wheelchair Accessible,Yes,76403
95752,2023-10-12 13:07:01,Price Range,Below Average,76403
95753,2023-10-12 13:07:01,By Appointment Only,No,76403
95754,2023-10-12 13:07:01,Parking,"Lot, Private",76403
100410,2023-10-12 17:23:35,Wheelchair Accessible,Yes,77881
101010,2023-10-12 17:54:58,Parking,Lot,78027
101011,2023-10-12 17:54:58,By Appointment Only,Yes,78027
949,2023-10-09 06:04:25,Parking,Street,80351
950,2023-10-09 06:04:25,Bike Parking,Yes,80351
951,2023-10-09 06:04:25,Price Range,Average,80351
952,2023-10-09 06:04:25,By Appointment Only,Yes,80351
3252,2023-10-09 06:59:26,Parking,Street,80651
3253,2023-10-09 06:59:26,Bike Parking,Yes,80651
3254,2023-10-09 06:59:26,Wheelchair Accessible,Yes,80651
3255,2023-10-09 06:59:26,Price Range,Average,80651
3256,2023-10-09 06:59:26,By Appointment Only,Yes,80651
4375,2023-10-09 07:42:30,Parking,Street,80825
4376,2023-10-09 07:42:30,Bike Parking,Yes,80825
4377,2023-10-09 07:42:30,Price Range,Average,80825
4378,2023-10-09 07:42:30,By Appointment Only,Yes,80825
22482,2023-10-09 19:26:00,Parking,Street,85533
22483,2023-10-09 19:26:00,Wheelchair Accessible,Yes,85533
22484,2023-10-09 19:26:00,Price Range,Average,85533
22485,2023-10-09 19:26:00,Bike Parking,Yes,85533
22486,2023-10-09 19:26:00,By Appointment Only,Yes,85533
37578,2023-10-10 06:49:51,Parking,"Lot, Private",89479
37579,2023-10-10 06:49:51,Bike Parking,Yes,89479
37580,2023-10-10 06:49:51,Wheelchair Accessible,Yes,89479
37581,2023-10-10 06:49:51,Price Range,Average,89479
37582,2023-10-10 06:49:51,By Appointment Only,Yes,89479
47183,2023-10-10 14:44:27,Parking,Street,93334
47184,2023-10-10 14:44:27,Bike Parking,Yes,93334
47185,2023-10-10 14:44:27,Wheelchair Accessible,Yes,93334
47186,2023-10-10 14:44:27,Price Range,Average,93334
47187,2023-10-10 14:44:27,By Appointment Only,No,93334
66839,2023-10-11 10:04:32,Parking,"Lot, Private",99723
66840,2023-10-11 10:04:32,Wheelchair Accessible,Yes,99723
66841,2023-10-11 10:04:32,By Appointment Only,Yes,99723
76448,2023-10-11 17:15:43,Parking,"Lot, Private",102591
76449,2023-10-11 17:15:43,Bike Parking,Yes,102591
76450,2023-10-11 17:15:43,By Appointment Only,No,102591
77095,2023-10-11 17:41:29,Parking,"Lot, Private",102858
77096,2023-10-11 17:41:29,Bike Parking,Yes,102858
77097,2023-10-11 17:41:29,Price Range,Below Average,102858
77098,2023-10-11 17:41:29,By Appointment Only,No,102858
103242,2023-10-12 19:56:25,By Appointment Only,Yes,112383
103631,2023-10-12 20:13:01,Parking,Lot,112464
103632,2023-10-12 20:13:01,By Appointment Only,Yes,112464
107534,2023-10-12 23:06:48,Parking,Free,113166
107535,2023-10-12 23:06:48,Bike Parking,No,113166
107536,2023-10-12 23:06:48,Wheelchair Accessible,Yes,113166
107537,2023-10-12 23:06:48,By Appointment Only,Yes,113166
115161,2023-10-13 07:41:31,Parking,"Lot, Private",116295
115162,2023-10-13 07:41:31,Bike Parking,Yes,116295
115163,2023-10-13 07:41:31,Wheelchair Accessible,Yes,116295
115164,2023-10-13 07:41:31,Price Range,Above Average,116295
115165,2023-10-13 07:41:31,By Appointment Only,No,116295
118588,2023-10-13 12:30:40,By Appointment Only,Yes,118616
6106,2023-10-09 08:30:11,Bike Parking,Yes,122431
6107,2023-10-09 08:30:11,Parking,"Lot, Private",122431
6108,2023-10-09 08:30:11,Wheelchair Accessible,Yes,122431
6109,2023-10-09 08:30:11,By Appointment Only,Yes,122431
8060,2023-10-09 09:26:57,Wheelchair Accessible,Yes,122779
8061,2023-10-09 09:26:57,Parking,"Lot, Private",122779
8062,2023-10-09 09:26:57,Bike Parking,Yes,122779
8063,2023-10-09 09:26:57,By Appointment Only,Yes,122779
14652,2023-10-09 13:53:42,Parking,Lot,125420
25694,2023-10-09 21:31:34,Parking,"Lot, Private",128455
25695,2023-10-09 21:31:34,Bike Parking,Yes,128455
25696,2023-10-09 21:31:34,Wheelchair Accessible,Yes,128455
25697,2023-10-09 21:31:34,Price Range,Above Average,128455
25698,2023-10-09 21:31:34,By Appointment Only,Yes,128455
33519,2023-10-10 03:44:07,Wheelchair Accessible,Yes,130588
33520,2023-10-10 03:44:07,Price Range,Average,130588
33521,2023-10-10 03:44:07,Parking,"Lot, Private",130588
33522,2023-10-10 03:44:07,By Appointment Only,No,130588
33650,2023-10-10 03:47:46,Bike Parking,No,130601
33651,2023-10-10 03:47:46,Price Range,Below Average,130601
33652,2023-10-10 03:47:46,By Appointment Only,Yes,130601
41092,2023-10-10 09:27:26,Specialties,"Orthopaedic Surgery, Orthopedic Surgery",132316
77852,2023-10-11 18:05:01,Price Range,Below Average,142772
81236,2023-10-11 22:50:36,Price Range,Average,143326
81237,2023-10-11 22:50:36,Wheelchair Accessible,No,143326
81238,2023-10-11 22:50:36,Parking,"Street, Lot, Private",143326
81239,2023-10-11 22:50:36,Bike Parking,Yes,143326
81240,2023-10-11 22:50:36,By Appointment Only,Yes,143326
111927,2023-10-13 04:11:34,Parking,"Lot, Private",153884
111928,2023-10-13 04:11:34,Bike Parking,Yes,153884
111929,2023-10-13 04:11:34,Price Range,Average,153884
111930,2023-10-13 04:11:34,By Appointment Only,Yes,153884
112633,2023-10-13 04:51:24,Parking,"Lot, Private",154132
112634,2023-10-13 04:51:24,Bike Parking,Yes,154132
112635,2023-10-13 04:51:24,Wheelchair Accessible,Yes,154132
112636,2023-10-13 04:51:24,By Appointment Only,No,154132
113370,2023-10-13 05:30:42,Parking,Garage,154389
113371,2023-10-13 05:30:42,Bike Parking,Yes,154389
113372,2023-10-13 05:30:42,Price Range,Below Average,154389
113373,2023-10-13 05:30:42,By Appointment Only,No,154389
113374,2023-10-13 05:30:42,Wheelchair Accessible,Yes,154389
113454,2023-10-13 05:35:50,Parking,"Lot, Self, Private",154427
113455,2023-10-13 05:35:50,Bike Parking,Yes,154427
113456,2023-10-13 05:35:50,Wheelchair Accessible,Yes,154427
113457,2023-10-13 05:35:50,Price Range,Average,154427
113458,2023-10-13 05:35:50,By Appointment Only,No,154427
115599,2023-10-13 08:31:27,By Appointment Only,Yes,155151
135799,2023-10-14 23:02:27,Parking,Street,167284
135800,2023-10-14 23:02:27,Bike Parking,Yes,167284
135801,2023-10-14 23:02:27,Wheelchair Accessible,No,167284
135802,2023-10-14 23:02:27,Price Range,Average,167284
135803,2023-10-14 23:02:27,By Appointment Only,No,167284
136222,2023-10-14 23:41:28,Parking,Street,167602
136223,2023-10-14 23:41:28,Bike Parking,Yes,167602
136224,2023-10-14 23:41:28,Wheelchair Accessible,No,167602
136225,2023-10-14 23:41:28,Price Range,Below Average,167602
136226,2023-10-14 23:41:28,By Appointment Only,No,167602
139537,2023-10-15 05:19:55,Parking,Street,170286
139538,2023-10-15 05:19:55,Bike Parking,No,170286
139539,2023-10-15 05:19:55,Wheelchair Accessible,Yes,170286
139540,2023-10-15 05:19:55,Price Range,Average,170286
139541,2023-10-15 05:19:55,By Appointment Only,No,170286
141607,2023-10-15 10:28:33,Parking,Street,171303
141608,2023-10-15 10:28:33,Bike Parking,Yes,171303
141609,2023-10-15 10:28:33,By Appointment Only,Yes,171303
144308,2023-10-18 19:24:11,Parking,Lot,173023
144309,2023-10-18 19:24:11,By Appointment Only,Yes,173023
148127,2023-10-19 01:23:33,Parking,"Lot, Private",175343
148128,2023-10-19 01:23:33,Bike Parking,Yes,175343
148129,2023-10-19 01:23:33,By Appointment Only,Yes,175343
148130,2023-10-19 01:23:33,Wheelchair Accessible,Yes,175343
152338,2023-10-19 10:11:25,Bike Parking,Yes,181114
152339,2023-10-19 10:11:25,Parking,Street,181114
152987,2023-10-19 11:38:52,Parking,Street,181678
152988,2023-10-19 11:38:52,Bike Parking,Yes,181678
152989,2023-10-19 11:38:52,Wheelchair Accessible,Yes,181678
152990,2023-10-19 11:38:52,Price Range,Average,181678
152991,2023-10-19 11:38:52,By Appointment Only,Yes,181678
156429,2023-10-19 18:14:23,Parking,Garage,183676
156430,2023-10-19 18:14:23,Bike Parking,No,183676
156431,2023-10-19 18:14:23,Price Range,Above Average,183676
156432,2023-10-19 18:14:23,By Appointment Only,No,183676
165028,2023-10-21 03:50:41,Parking,"Lot, Private",192635
165029,2023-10-21 03:50:41,Bike Parking,Yes,192635
165030,2023-10-21 03:50:41,Wheelchair Accessible,Yes,192635
165031,2023-10-21 03:50:41,Price Range,Above Average,192635
165032,2023-10-21 03:50:41,By Appointment Only,Yes,192635
165630,2023-10-21 05:48:52,Parking,Street,193230
165631,2023-10-21 05:48:52,Wheelchair Accessible,No,193230
165632,2023-10-21 05:48:52,By Appointment Only,Yes,193230
10900,2023-10-09 11:22:40,Price Range,Above Average,204049
29375,2023-10-10 00:39:51,By Appointment Only,No,216427
46138,2023-10-10 13:48:02,Price Range,Above Average,220840
54755,2023-10-10 21:00:00,Bike Parking,Yes,222918
54756,2023-10-10 21:00:00,Wheelchair Accessible,Yes,222918
54757,2023-10-10 21:00:00,By Appointment Only,No,222918
54758,2023-10-10 21:00:00,Parking,Street,222918
67972,2023-10-11 10:35:47,Parking,"Lot, Private",226699
67973,2023-10-11 10:35:47,By Appointment Only,Yes,226699
75083,2023-10-11 15:55:12,By Appointment Only,Yes,228392
88204,2023-10-12 06:37:14,Price Range,Average,232294
88205,2023-10-12 06:37:14,Bike Parking,No,232294
88206,2023-10-12 06:37:14,By Appointment Only,Yes,232294
93258,2023-10-12 10:32:31,Parking,Free,234216
93259,2023-10-12 10:32:31,Bike Parking,Yes,234216
93260,2023-10-12 10:32:31,Wheelchair Accessible,No,234216
95380,2023-10-12 12:51:39,Parking,Street,238264
95381,2023-10-12 12:51:39,Price Range,Average,238264
95382,2023-10-12 12:51:39,By Appointment Only,Yes,238264
116390,2023-10-13 10:04:21,By Appointment Only,Yes,246610
116391,2023-10-13 10:04:21,Services,Chiropractor Information,246610
121798,2023-10-13 19:07:24,Parking,"Lot, Private",249563
121799,2023-10-13 19:07:24,Price Range,Average,249563
121800,2023-10-13 19:07:24,By Appointment Only,Yes,249563
124669,2023-10-13 22:45:29,Parking,"Lot, Private",251154
124670,2023-10-13 22:45:29,Bike Parking,Yes,251154
124671,2023-10-13 22:45:29,Wheelchair Accessible,Yes,251154
124672,2023-10-13 22:45:29,By Appointment Only,No,251154
133842,2023-10-14 20:52:50,Parking,"Lot, Free",261573
133843,2023-10-14 20:52:50,Wheelchair Accessible,Yes,261573
134948,2023-10-14 21:50:55,Price Range,Average,261890
136765,2023-10-15 00:39:22,Price Range,Below Average,262862
136766,2023-10-15 00:39:22,By Appointment Only,Yes,262862
138691,2023-10-15 04:02:45,Parking,Street,263999
138692,2023-10-15 04:02:45,By Appointment Only,Yes,263999
139995,2023-10-15 06:31:28,Parking,Garage,264481
139996,2023-10-15 06:31:28,Bike Parking,Yes,264481
139997,2023-10-15 06:31:28,Wheelchair Accessible,Yes,264481
139998,2023-10-15 06:31:28,By Appointment Only,No,264481
143594,2023-10-18 18:22:31,Parking,"Lot, Private",265629
144866,2023-10-18 20:21:01,Parking,"Lot, Private",266174
144867,2023-10-18 20:21:01,Wheelchair Accessible,Yes,266174
144868,2023-10-18 20:21:01,By Appointment Only,Yes,266174
154487,2023-10-19 13:49:01,Parking,Lot,272620
154488,2023-10-19 13:49:01,By Appointment Only,Yes,272620
155302,2023-10-19 15:25:37,Parking,Lot,274180
155303,2023-10-19 15:25:37,By Appointment Only,Yes,274180
163996,2023-10-21 01:47:28,Parking,Street,283663
163997,2023-10-21 01:47:28,Wi-Fi,Free,283663
163998,2023-10-21 01:47:28,Bike Parking,Yes,283663
163999,2023-10-21 01:47:28,Attire,Casual,283663
164000,2023-10-21 01:47:28,Wheelchair Accessible,Yes,283663
164001,2023-10-21 01:47:28,Outdoor Seating,Yes,283663
164002,2023-10-21 01:47:28,By Appointment Only,No,283663
164003,2023-10-21 01:47:28,Price Range,Average,283663
167224,2023-10-21 10:33:20,By Appointment Only,Yes,285734
167562,2023-10-21 11:24:59,Parking,"Lot, Private",285974
167563,2023-10-21 11:24:59,Bike Parking,Yes,285974
167564,2023-10-21 11:24:59,By Appointment Only,Yes,285974
167632,2023-10-21 11:40:07,By Appointment Only,Yes,286032
167687,2023-10-21 12:09:42,Parking,"Lot, Private",286087
167688,2023-10-21 12:09:42,Wheelchair Accessible,No,286087
167689,2023-10-21 12:09:42,Price Range,Above Average,286087
167690,2023-10-21 12:09:42,By Appointment Only,Yes,286087
167805,2023-10-21 12:24:56,Parking,Street,286120
167806,2023-10-21 12:24:56,Bike Parking,Yes,286120
167807,2023-10-21 12:24:56,Price Range,Above Average,286120
167808,2023-10-21 12:24:56,By Appointment Only,Yes,286120
168857,2023-10-21 14:51:09,Parking,"Lot, Private",286895
168858,2023-10-21 14:51:09,Bike Parking,Yes,286895
168859,2023-10-21 14:51:09,Wheelchair Accessible,Yes,286895
168860,2023-10-21 14:51:09,Price Range,Above Average,286895
168861,2023-10-21 14:51:09,By Appointment Only,No,286895
180177,2023-10-23 13:26:21,Price Range,Below Average,308319
181066,2023-10-23 16:56:36,Parking,"Lot, On Site, Free, Private",309826
181067,2023-10-23 16:56:36,Bike Parking,Yes,309826
181068,2023-10-23 16:56:36,Wheelchair Accessible,"Yes, No",309826
181069,2023-10-23 16:56:36,By Appointment Only,Yes,309826
181070,2023-10-23 16:56:36,Price Range,Average,309826
194330,2023-10-25 06:28:52,Parking,Lot,333652
194331,2023-10-25 06:28:52,Bike Parking,Yes,333652
194332,2023-10-25 06:28:52,Wheelchair Accessible,Yes,333652
194333,2023-10-25 06:28:52,Price Range,Average,333652
194334,2023-10-25 06:28:52,By Appointment Only,No,333652
196608,2023-10-25 09:28:13,Parking,"Lot, Free",334605
198108,2023-10-25 12:31:58,By Appointment Only,Yes,335648
186310,2023-10-24 16:55:23,Parking,"Lot, Private",338224
186311,2023-10-24 16:55:23,Bike Parking,No,338224
186312,2023-10-24 16:55:23,Wheelchair Accessible,No,338224
186313,2023-10-24 16:55:23,By Appointment Only,Yes,338224
192967,2023-10-25 02:40:59,Parking,Free,341205
192968,2023-10-25 02:40:59,Bike Parking,Yes,341205
192969,2023-10-25 02:40:59,Wheelchair Accessible,No,341205
192970,2023-10-25 02:40:59,Price Range,Average,341205
192971,2023-10-25 02:40:59,By Appointment Only,Yes,341205
195162,2023-10-25 07:36:02,Parking,Street,342500
195163,2023-10-25 07:36:02,Wheelchair Accessible,No,342500
195164,2023-10-25 07:36:02,By Appointment Only,Yes,342500
198802,2023-10-25 13:54:50,Parking,"Lot, Private",344956
198803,2023-10-25 13:54:50,Bike Parking,Yes,344956
198804,2023-10-25 13:54:50,Wheelchair Accessible,Yes,344956
198805,2023-10-25 13:54:50,By Appointment Only,Yes,344956
18950,2023-10-09 17:09:44,Parking,Lot,353920
18951,2023-10-09 17:09:44,By Appointment Only,Yes,353920
20030,2023-10-09 17:52:15,Price Range,Above Average,354126
20053,2023-10-09 17:52:46,Parking,"Free, Private",354129
20054,2023-10-09 17:52:46,Wheelchair Accessible,"Wheelchair Accessible, Yes",354129
32188,2023-10-10 02:16:35,Parking,Lot,357816
32189,2023-10-10 02:16:35,Wheelchair Accessible,Yes,357816
32190,2023-10-10 02:16:35,By Appointment Only,Yes,357816
32801,2023-10-10 02:57:20,Parking,Lot,358086
32802,2023-10-10 02:57:20,Price Range,Average,358086
32803,2023-10-10 02:57:20,By Appointment Only,Yes,358086
43452,2023-10-10 11:32:37,Parking,Street,363784
43453,2023-10-10 11:32:37,Bike Parking,No,363784
43454,2023-10-10 11:32:37,By Appointment Only,Yes,363784
48146,2023-10-10 15:23:23,By Appointment Only,Yes,365614
72586,2023-10-11 14:03:10,Parking,Free,382142
72587,2023-10-11 14:03:10,Wheelchair Accessible,Yes,382142
88563,2023-10-12 06:42:00,Price Range,Above Average,396641
105727,2023-10-12 21:46:47,Parking,Lot,409022
105728,2023-10-12 21:46:47,By Appointment Only,Yes,409022
113874,2023-10-13 05:47:01,Parking,Lot,412769
113875,2023-10-13 05:47:01,By Appointment Only,No,412769
116141,2023-10-13 09:41:44,Parking,"Lot, Private",413655
116142,2023-10-13 09:41:44,Bike Parking,Yes,413655
116143,2023-10-13 09:41:44,Wheelchair Accessible,Yes,413655
116144,2023-10-13 09:41:44,Pets Allowed,Yes,413655
121353,2023-10-13 17:41:03,Parking,Lot,416289
122562,2023-10-13 20:55:15,Parking,"Lot, Free",417950
122563,2023-10-13 20:55:15,Wheelchair Accessible,Yes,417950
122564,2023-10-13 20:55:15,By Appointment Only,Yes,417950
123144,2023-10-13 21:24:18,Wheelchair Accessible,Yes,418267
123145,2023-10-13 21:24:18,Parking,Lot,418267
125554,2023-10-13 23:30:37,Wheelchair Accessible,Yes,419936
125555,2023-10-13 23:30:37,Parking,Lot,419936
126197,2023-10-14 00:04:54,Price Range,Below Average,421830
126198,2023-10-14 00:04:54,Parking,Lot,421830
126199,2023-10-14 00:04:54,By Appointment Only,Yes,421830
127882,2023-10-14 02:34:53,Price Range,Above Average,423888
129041,2023-10-14 06:22:47,Parking,"Lot, Private",426951
129042,2023-10-14 06:22:47,Price Range,Average,426951
129043,2023-10-14 06:22:47,By Appointment Only,Yes,426951
131138,2023-10-14 12:15:18,Parking,"Lot, Free",430670
131139,2023-10-14 12:15:18,Wheelchair Accessible,Yes,430670
131999,2023-10-14 14:07:44,Wheelchair Accessible,Yes,432031
132000,2023-10-14 14:07:44,Parking,Lot,432031
132456,2023-10-14 16:08:38,Wheelchair Accessible,Yes,436563
132457,2023-10-14 16:08:38,Parking,Lot,436563
135818,2023-10-14 23:02:54,Parking,"Street, Lot, Private",441538
135819,2023-10-14 23:02:54,Wheelchair Accessible,No,441538
135820,2023-10-14 23:02:54,Bike Parking,Yes,441538
135821,2023-10-14 23:02:54,By Appointment Only,Yes,441538
135880,2023-10-14 23:07:58,Wheelchair Accessible,Yes,441918
135881,2023-10-14 23:07:58,Parking,Lot,441918
136985,2023-10-15 00:58:43,By Appointment Only,Yes,443363
137003,2023-10-15 00:59:57,Parking,Lot,443371
139565,2023-10-15 05:21:38,Parking,"Lot, Free",445811
139566,2023-10-15 05:21:38,Wheelchair Accessible,Yes,445811
142745,2023-10-18 15:41:17,Parking,Free,447187
142746,2023-10-18 15:41:17,Bike Parking,Yes,447187
142747,2023-10-18 15:41:17,Wheelchair Accessible,Yes,447187
142748,2023-10-18 15:41:17,By Appointment Only,Yes,447187
154113,2023-10-19 13:09:47,Parking,Free,458285
157747,2023-10-20 06:33:55,Price Range,Average,461595
162658,2023-10-20 22:38:33,Parking,"Street, Lot, Private",465083
162659,2023-10-20 22:38:33,Bike Parking,No,465083
162660,2023-10-20 22:38:33,Wheelchair Accessible,Yes,465083
162661,2023-10-20 22:38:33,Price Range,Average,465083
162662,2023-10-20 22:38:33,By Appointment Only,Yes,465083
166789,2023-10-21 09:28:48,Parking,Lot,467818
166790,2023-10-21 09:28:48,By Appointment Only,No,467818
166791,2023-10-21 09:28:48,Wheelchair Accessible,Yes,467818
170049,2023-10-21 19:08:26,Bike Parking,Yes,469252
170050,2023-10-21 19:08:26,Wheelchair Accessible,Yes,469252
170051,2023-10-21 19:08:26,Parking,"Lot, Private",469252
170323,2023-10-21 19:51:17,Parking,Valet,469305
170324,2023-10-21 19:51:17,Bike Parking,Yes,469305
170325,2023-10-21 19:51:17,Wheelchair Accessible,Yes,469305
170326,2023-10-21 19:51:17,By Appointment Only,No,469305
170975,2023-10-21 21:38:23,Parking,"Lot, Private",469799
170976,2023-10-21 21:38:23,Bike Parking,Yes,469799
170977,2023-10-21 21:38:23,Wheelchair Accessible,Yes,469799
170978,2023-10-21 21:38:23,Price Range,Average,469799
170979,2023-10-21 21:38:23,By Appointment Only,Yes,469799
174264,2023-10-22 07:56:16,Parking,Self,473438
174265,2023-10-22 07:56:16,Bike Parking,Yes,473438
174266,2023-10-22 07:56:16,Wheelchair Accessible,No,473438
176753,2023-10-22 20:15:50,Parking,"Free, Private",475733
176754,2023-10-22 20:15:50,Bike Parking,Yes,475733
176755,2023-10-22 20:15:50,Wheelchair Accessible,Yes,475733
176756,2023-10-22 20:15:50,By Appointment Only,Yes,475733
178156,2023-10-23 02:08:09,Parking,"Lot, Private",476957
178157,2023-10-23 02:08:09,Bike Parking,No,476957
178158,2023-10-23 02:08:09,Wheelchair Accessible,Yes,476957
178159,2023-10-23 02:08:09,Price Range,Above Average,476957
178160,2023-10-23 02:08:09,By Appointment Only,Yes,476957
179249,2023-10-23 09:16:59,Parking,"Street, Lot, Private",478613
179250,2023-10-23 09:16:59,Wheelchair Accessible,No,478613
182415,2023-10-23 22:48:54,Parking,"Street, Lot, Private",481443
182416,2023-10-23 22:48:54,Bike Parking,Yes,481443
182417,2023-10-23 22:48:54,Wheelchair Accessible,Yes,481443
182418,2023-10-23 22:48:54,Price Range,Average,481443
182419,2023-10-23 22:48:54,By Appointment Only,No,481443
184987,2023-10-24 10:45:00,Price Range,Average,484002
184988,2023-10-24 10:45:00,Parking,"Lot, Private",484002
184989,2023-10-24 10:45:00,By Appointment Only,Yes,484002
190505,2023-10-24 23:01:03,Parking,"Street, Validated",490019
190506,2023-10-24 23:01:03,Bike Parking,Yes,490019
190507,2023-10-24 23:01:03,Wheelchair Accessible,Yes,490019
190508,2023-10-24 23:01:03,Price Range,Average,490019
190509,2023-10-24 23:01:03,By Appointment Only,Yes,490019
190573,2023-10-24 23:10:00,Parking,Street,490030
190574,2023-10-24 23:10:00,Price Range,Average,490030
190575,2023-10-24 23:10:00,By Appointment Only,Yes,490030
194303,2023-10-25 06:27:20,Parking,"Garage, Street",491516
194304,2023-10-25 06:27:20,Wheelchair Accessible,Yes,491516
194305,2023-10-25 06:27:20,Certifications,Licensed Professional Counselors,491516
194306,2023-10-25 06:27:20,By Appointment Only,Yes,491516
194910,2023-10-25 07:01:44,Parking,Lot,491750
195058,2023-10-25 07:21:44,Parking,Street,491869
195059,2023-10-25 07:21:44,Wheelchair Accessible,Yes,491869
195060,2023-10-25 07:21:44,By Appointment Only,Yes,491869
195964,2023-10-25 08:48:48,Parking,"Lot, Private",492280
195965,2023-10-25 08:48:48,Wheelchair Accessible,Yes,492280
195966,2023-10-25 08:48:48,Price Range,Average,492280
195967,2023-10-25 08:48:48,By Appointment Only,No,492280
196004,2023-10-25 08:49:19,Parking,"Garage, Lot, Free, Private",492282
198420,2023-10-25 12:59:39,Parking,Lot,493294
198421,2023-10-25 12:59:39,By Appointment Only,Yes,493294
198914,2023-10-25 14:14:07,Parking,"Lot, Private",493449
198915,2023-10-25 14:14:07,Wheelchair Accessible,Yes,493449
198916,2023-10-25 14:14:07,Price Range,Average,493449
198917,2023-10-25 14:14:07,By Appointment Only,Yes,493449
201961,2023-10-25 20:09:40,Parking,"Lot, Private",494370
201962,2023-10-25 20:09:40,Bike Parking,Yes,494370
201963,2023-10-25 20:09:40,Price Range,Average,494370
201964,2023-10-25 20:09:40,By Appointment Only,Yes,494370
201965,2023-10-25 20:09:40,Wheelchair Accessible,Yes,494370
203208,2023-10-25 22:11:22,Parking,Street,494673
203209,2023-10-25 22:11:22,Bike Parking,Yes,494673
203210,2023-10-25 22:11:22,Wheelchair Accessible,Yes,494673
203211,2023-10-25 22:11:22,Price Range,Above Average,494673
203212,2023-10-25 22:11:22,By Appointment Only,No,494673
207141,2023-10-26 04:12:01,By Appointment Only,Yes,499404
207427,2023-10-26 05:04:43,Parking,"Lot, Private",499740
207428,2023-10-26 05:04:43,Bike Parking,No,499740
207429,2023-10-26 05:04:43,Wheelchair Accessible,Yes,499740
207430,2023-10-26 05:04:43,By Appointment Only,Yes,499740
208950,2023-10-26 08:33:54,Bike Parking,Yes,501762
208951,2023-10-26 08:33:54,Wheelchair Accessible,Yes,501762
208952,2023-10-26 08:33:54,Price Range,Average,501762
208953,2023-10-26 08:33:54,By Appointment Only,No,501762
208954,2023-10-26 08:33:54,Parking,Street,501762
208955,2023-10-26 08:33:54,Services,Emergency Chiropractic Care,501762
210162,2023-10-26 11:14:45,By Appointment Only,Yes,502223
211608,2023-10-26 17:15:24,Parking,Lot,503764
216683,2023-10-27 06:07:32,Wheelchair Accessible,Yes,516867
216684,2023-10-27 06:07:32,By Appointment Only,No,516867
216685,2023-10-27 06:07:32,Parking,Free,516867
189289,2023-10-24 20:54:38,Parking,"Lot, Private",521341
189290,2023-10-24 20:54:38,Wheelchair Accessible,No,521341
192075,2023-10-25 00:51:06,Price Range,Average,522969
195206,2023-10-25 07:38:54,Services,<ul><br><li>Acupuncturist</li><br><li>Arthritis</li><br><li>Fibromyalgia</li><br><li>Massage</li><br><li>Massage Therapy</li><br></ul>,526178
205972,2023-10-26 01:33:33,Parking,Lot,538851
216337,2023-10-27 04:29:07,Price Range,Above Average,557649
195689,2023-10-25 08:34:51,Parking,"Lot, Private",567483
195690,2023-10-25 08:34:51,Bike Parking,Yes,567483
195691,2023-10-25 08:34:51,Wheelchair Accessible,Yes,567483
195692,2023-10-25 08:34:51,Price Range,Average,567483
195693,2023-10-25 08:34:51,By Appointment Only,Yes,567483
196321,2023-10-25 09:01:44,Parking,"Paid, Validated, Lot, Free",567581
196322,2023-10-25 09:01:44,Bike Parking,Yes,567581
196323,2023-10-25 09:01:44,Wheelchair Accessible,Yes,567581
196324,2023-10-25 09:01:44,By Appointment Only,No,567581
196325,2023-10-25 09:01:44,Price Range,Average,567581
201369,2023-10-25 19:44:16,Parking,Street,570051
201370,2023-10-25 19:44:16,Bike Parking,Yes,570051
201371,2023-10-25 19:44:16,Wheelchair Accessible,Yes,570051
201372,2023-10-25 19:44:16,Price Range,Average,570051
201373,2023-10-25 19:44:16,By Appointment Only,Yes,570051
201409,2023-10-25 19:46:07,Parking,Street,570059
201410,2023-10-25 19:46:07,Bike Parking,Yes,570059
201411,2023-10-25 19:46:07,Wheelchair Accessible,Yes,570059
201412,2023-10-25 19:46:07,Price Range,Average,570059
201413,2023-10-25 19:46:07,By Appointment Only,Yes,570059
202846,2023-10-25 21:25:56,Parking,"Garage, Street, Validated",570356
202847,2023-10-25 21:25:56,Bike Parking,Yes,570356
202848,2023-10-25 21:25:56,Wheelchair Accessible,Yes,570356
202849,2023-10-25 21:25:56,By Appointment Only,Yes,570356
203557,2023-10-25 22:36:34,Parking,"Garage, Street, Validated, Lot, Private",570564
203558,2023-10-25 22:36:34,Bike Parking,Yes,570564
203559,2023-10-25 22:36:34,Wheelchair Accessible,Yes,570564
203560,2023-10-25 22:36:34,Price Range,Average,570564
203561,2023-10-25 22:36:34,By Appointment Only,Yes,570564
208072,2023-10-26 06:36:10,Bike Parking,Yes,572720
208073,2023-10-26 06:36:10,Wheelchair Accessible,Yes,572720
208074,2023-10-26 06:36:10,Parking,Street,572720
208705,2023-10-26 08:16:28,Price Range,Below Average,572933
216099,2023-10-27 03:36:00,Price Range,Average,577456
216100,2023-10-27 03:36:00,Parking,"Lot, Private",577456
216101,2023-10-27 03:36:00,Bike Parking,Yes,577456
216102,2023-10-27 03:36:00,By Appointment Only,No,577456
220122,2023-10-27 22:40:16,Bike Parking,No,582365
220123,2023-10-27 22:40:16,By Appointment Only,No,582365
