id,ts,category
1,2023-10-09 05:10:55,Beauty Salons
3,2023-10-09 05:17:38,Cosmetologists
4,2023-10-09 05:17:38,Day Spas
5,2023-10-09 05:17:38,Hair Removal
6,2023-10-09 05:17:38,Hair Stylists
7,2023-10-09 05:17:38,Nail Salons
12,2023-10-09 05:17:51,Hair Replacement
20,2023-10-09 05:18:10,Permanent Make-Up
22,2023-10-09 05:18:10,Cosmetic Services
23,2023-10-09 05:18:10,Electrolysis
27,2023-10-09 05:18:10,Wax
36,2023-10-09 05:19:18,Cosmetics & Perfumes
40,2023-10-09 05:19:36,Skin Care
48,2023-10-09 05:19:51,Tattoos
50,2023-10-09 05:19:51,Body Piercing
69,2023-10-09 05:20:11,Health Resorts
70,2023-10-09 05:20:11,Massage Services
71,2023-10-09 05:20:11,Massage Therapists
75,2023-10-09 05:20:11,Tanning Salons
81,2023-10-09 05:20:20,Alternative Medicine & Health Practitioners
85,2023-10-09 05:20:20,Pain Management
110,2023-10-09 05:22:19,Health Clubs
153,2023-10-09 05:24:22,Make-Up Artists
189,2023-10-09 05:26:06,Aromatherapy
374,2023-10-09 05:29:58,Health & Wellness Products
375,2023-10-09 05:29:58,Holistic Practitioners
376,2023-10-09 05:29:58,Tattoo Removal
387,2023-10-09 05:30:10,Nutritionists
448,2023-10-09 05:30:31,Medical Clinics
799,2023-10-09 05:41:12,Physical Therapists
940,2023-10-09 05:44:24,Acupuncture
944,2023-10-09 05:44:24,Health & Fitness Program Consultants
956,2023-10-09 05:44:37,Medical Spas
960,2023-10-09 05:44:37,"Physicians & Surgeons, Laser Surgery"
1863,2023-10-09 06:04:25,Chiropractors & Chiropractic Services
1920,2023-10-09 06:04:53,Body Wrap Salons
1932,2023-10-09 06:04:55,Weight Control Services
2500,2023-10-09 06:11:58,Clinics
2596,2023-10-09 06:13:39,Housewares
2626,2023-10-09 06:13:54,Sports Medicine & Injuries Treatment
3751,2023-10-09 06:29:11,"Physicians & Surgeons, Cosmetic Surgery"
3752,2023-10-09 06:29:11,Reducing & Weight Control
4899,2023-10-09 06:49:46,Stress Management & Prevention
5219,2023-10-09 07:03:43,Wedding Planning & Consultants
5508,2023-10-09 07:10:03,Reflexologies
7197,2023-10-09 07:48:51,Spas & Hot Tubs
8633,2023-10-09 08:15:29,Medical Centers
8805,2023-10-09 08:17:19,Exercise & Physical Fitness Programs
10820,2023-10-09 08:58:51,Rehabilitation Services
11168,2023-10-09 09:03:41,Lodging
23921,2023-10-09 14:25:14,Yoga Instruction
30719,2023-10-09 17:09:44,Physical Therapy Clinics
41564,2023-10-09 20:32:16,Medical Labs
41567,2023-10-09 20:32:16,Physical Fitness Consultants & Trainers
42573,2023-10-09 20:50:13,Wedding Reception Locations & Services
52372,2023-10-10 00:44:43,Vitamins & Food Supplements
60066,2023-10-10 03:32:26,Hypnotherapy
85491,2023-10-10 12:39:47,Home Decor
152495,2023-10-11 16:26:35,Herbs
158951,2023-10-11 18:44:13,Family & Business Entertainers
178394,2023-10-12 07:53:27,Stress Relief Equipment & Service
220032,2023-10-13 02:17:52,Homeopathic Practitioners
274696,2023-10-14 12:15:18,Dance Halls
367374,2023-10-21 12:11:46,Marriage Ceremonies
