id,ts,source_url,source_content_type,hash_file_content,size,path,title,image_slug_id,beauty_salon_id
11733,2023-10-31 00:26:20,https://i1.ypcdn.com/blob/b5825e1f9e376fb647ee890fb425a3f79cc67fd9_640.jpg,image/jpeg,2e1dc6acbe5d2dad0ad3408b67d5706822fd0aaf,178146,/2e/1d/c6/ac/2e1dc6acbe5d2dad0ad3408b67d5706822fd0aaf.jpg,,4072,1594
11734,2023-10-31 00:26:24,https://i2.ypcdn.com/blob/43b4be816b500d4e5ddb74b1109a0038d108e1e6_640.jpg,image/jpeg,b3fbd584a448507fce8e452e4a603dfd14d5b481,150277,/b3/fb/d5/84/b3fbd584a448507fce8e452e4a603dfd14d5b481.jpg,,4073,1594
19368,2023-10-31 23:55:36,https://i3.ypcdn.com/blob/aa0dcda84ebbf5395d1298535dd6127cc60accb0_640.jpg,image/jpeg,29add972edc2817b15adbf64485fb48be6321290,199295,/29/ad/d9/72/29add972edc2817b15adbf64485fb48be6321290.jpg,,6861,2970
23988,2023-11-01 18:32:32,https://i1.ypcdn.com/blob/aac532acf9072aaf17fb8a6d410f4d551498dbbe_640.jpg,image/jpeg,ce15aae0930898d55e67d1c0fece2924cc0379e3,162817,/ce/15/aa/e0/ce15aae0930898d55e67d1c0fece2924cc0379e3.jpg,,8462,3694
23990,2023-11-01 18:32:56,https://i2.ypcdn.com/blob/6d4c39267b495978943757f3fc2b75f574cd8338_640.jpg,image/jpeg,bcb5799d8382923f64523584a2788e2f63947bb2,121531,/bc/b5/79/9d/bcb5799d8382923f64523584a2788e2f63947bb2.jpg,,8463,3694
23991,2023-11-01 18:33:13,https://i4.ypcdn.com/blob/405160a3d0455df025c69eb382e71a8d5cb1145b_640.jpg,image/jpeg,24e5f1245c388a3c91768dff2c9e2a47acf4352b,192863,/24/e5/f1/24/24e5f1245c388a3c91768dff2c9e2a47acf4352b.jpg,,8464,3694
23996,2023-11-01 18:34:00,https://i2.ypcdn.com/blob/ea923d5731caca9d92850c9becb3d0ec6efe9505_640.jpg,image/jpeg,d501cb8003cf050ead8c2a9a5e0fe3aeb4baec93,162612,/d5/01/cb/80/d501cb8003cf050ead8c2a9a5e0fe3aeb4baec93.jpg,,8465,3694
30730,2023-11-02 18:41:33,https://i2.ypcdn.com/blob/a44deb73602a225f055886b90c9ff5d4dcfec9ee_640.jpg,image/jpeg,89a3ce835449bd87e0fc82a3125dda3176503495,147628,/89/a3/ce/83/89a3ce835449bd87e0fc82a3125dda3176503495.jpg,,10900,4629
60516,2023-11-05 03:44:15,https://i4.ypcdn.com/blob/cdf9b6473709e493b2e819ca2a258961b0e8cbd0_640.jpg,image/jpeg,95afaa95104c2a72decd6b4ad0dcf8796429ae1d,49298,/95/af/aa/95/95afaa95104c2a72decd6b4ad0dcf8796429ae1d.jpg,,21563,9482
60518,2023-11-05 03:44:28,https://i3.ypcdn.com/blob/6affd2f4086aa8a411f4550243a2a748a87c84ef_640.jpg,image/jpeg,a8d2ead55a9feb2a45f3b89f52836130fd8b4ffd,103375,/a8/d2/ea/d5/a8d2ead55a9feb2a45f3b89f52836130fd8b4ffd.jpg,,21564,9482
60519,2023-11-05 03:44:43,https://i2.ypcdn.com/blob/208d54a1bd47fc5e119e621529802f8a030c5f5b_640.jpg,image/jpeg,af49e926add66404c57c56f4f9499ea6cb121017,233759,/af/49/e9/26/af49e926add66404c57c56f4f9499ea6cb121017.jpg,,21565,9482
60523,2023-11-05 03:46:00,https://i1.ypcdn.com/blob/67aee394b252fefecabdfcb0f910a502b829be17_640.jpg,image/jpeg,cb9adc7aa4fc0c951f3ead60075a96dcf1412e11,224134,/cb/9a/dc/7a/cb9adc7aa4fc0c951f3ead60075a96dcf1412e11.jpg,,21566,9482
1159,2023-10-29 20:06:46,https://i4.ypcdn.com/blob/c654185067723423bb8343b6c65f5e75af44895b_640.jpg,image/jpeg,c2c7a1869f2ada6abc03e4e9899c36ebded88a14,181265,/c2/c7/a1/86/c2c7a1869f2ada6abc03e4e9899c36ebded88a14.jpg,,22445,9905
1162,2023-10-29 20:06:58,https://i2.ypcdn.com/blob/b6c8bf9f08980d2beaf54154a376c40f0555193c_640.jpg,image/jpeg,c53690de3480ff0a2700856047d28aeb1384eab3,121632,/c5/36/90/de/c53690de3480ff0a2700856047d28aeb1384eab3.jpg,,22446,9905
1165,2023-10-29 20:07:16,https://i1.ypcdn.com/blob/5d071537c720c61a00ebf388f775cfc81f0ae22c_640.jpg,image/jpeg,09ea21a037e229b5f1e72970d1f8016413e58156,266248,/09/ea/21/a0/09ea21a037e229b5f1e72970d1f8016413e58156.jpg,,22447,9905
1167,2023-10-29 20:07:21,https://i1.ypcdn.com/blob/2f150e800dfc298ac675fa4d22ef862915644c30_640.jpg,image/jpeg,7d0936cf389269ada7c000071a2a67e2ed0d5d86,78460,/7d/09/36/cf/7d0936cf389269ada7c000071a2a67e2ed0d5d86.jpg,,22448,9905
5725,2023-10-30 04:48:56,https://i1.ypcdn.com/blob/3847f454e0b389338c438b6fd4731fd7d7c4dd78_640.jpg,image/jpeg,4d6aee8c3f106f912d79b64b8ea3879f7eb3012f,194095,/4d/6a/ee/8c/4d6aee8c3f106f912d79b64b8ea3879f7eb3012f.jpg,,24043,10625
5727,2023-10-30 04:49:26,https://i4.ypcdn.com/blob/0101f8d78206de9d7534fa05bb1a748e2f8b9153_640.jpg,image/jpeg,2aeacd57c3e56e016b0ab5ad394805ced2ea90f8,171866,/2a/ea/cd/57/2aeacd57c3e56e016b0ab5ad394805ced2ea90f8.jpg,,24044,10626
7614,2023-10-30 12:05:32,https://i1.ypcdn.com/blob/d41c7b3788087bba78f7c628a5bbbac43885012f_640.jpg,image/jpeg,ac05425ce49bb6ede400bc005c6abd3b3ddefe00,232000,/ac/05/42/5c/ac05425ce49bb6ede400bc005c6abd3b3ddefe00.jpg,,24738,10861
16954,2023-10-31 18:38:57,https://i2.ypcdn.com/blob/7e0930bff288ed55706bdcb2a93d52770afeaf1b_640.jpg,image/jpeg,343ec2ca8a580549e847b1cd8d2db165f3db5254,205304,/34/3e/c2/ca/343ec2ca8a580549e847b1cd8d2db165f3db5254.jpg,,27888,11965
16956,2023-10-31 18:39:07,https://i3.ypcdn.com/blob/9e00d2591bd09f3b512f694e08f82b8129936c90_640.jpg,image/jpeg,1bab1dc76b068f9c96db3ab46cc1828b11fe71ce,140851,/1b/ab/1d/c7/1bab1dc76b068f9c96db3ab46cc1828b11fe71ce.jpg,,27889,11965
16960,2023-10-31 18:39:21,https://i3.ypcdn.com/blob/51d9cdc149e3fb7f8cca79ef1f16d57c263ea5a2_640.jpg,image/jpeg,cf995621acb0771fb662a5dbdb2c836707ab9e91,127462,/cf/99/56/21/cf995621acb0771fb662a5dbdb2c836707ab9e91.jpg,,27890,11965
16963,2023-10-31 18:39:37,https://i1.ypcdn.com/blob/48b02fb71b55fa71c213604b171e96c73fd4b5c2_640.jpg,image/jpeg,c31226c46f908dcbba11786f88501025000280df,213498,/c3/12/26/c4/c31226c46f908dcbba11786f88501025000280df.jpg,,27891,11965
25361,2023-11-01 21:07:21,https://i4.ypcdn.com/blob/aa52050f2e23918330323c42d59c5434cf403b62_640.jpg,image/jpeg,a4fa2654067b06498b5826d48e26d419722271b6,188980,/a4/fa/26/54/a4fa2654067b06498b5826d48e26d419722271b6.jpg,,30821,13391
49144,2023-11-04 03:28:39,https://i2.ypcdn.com/blob/a34dac1f573ca06860efc01e28dcf3d84fe72343_640.jpg,image/jpeg,2d3ecc344e38064f191cbec93dc1affc3cbe7400,199681,/2d/3e/cc/34/2d3ecc344e38064f191cbec93dc1affc3cbe7400.jpg,,39240,18983
54189,2023-11-04 10:55:29,https://i4.ypcdn.com/blob/bde21edd51e2575af01fda8714664d44d0f461c0_640.jpg,image/jpeg,abbc49fcb48e137610746573096c6708c2bdcd25,153272,/ab/bc/49/fc/abbc49fcb48e137610746573096c6708c2bdcd25.jpg,,40951,21388
54192,2023-11-04 10:55:38,https://i2.ypcdn.com/blob/8e4bb539bf8cab9494656a7ff48c8b3efb694a7f_640.jpg,image/jpeg,fc23527127a3c45228a466ed9bb440bbdf9383a3,166673,/fc/23/52/71/fc23527127a3c45228a466ed9bb440bbdf9383a3.jpg,,40952,21388
54195,2023-11-04 10:55:53,https://i1.ypcdn.com/blob/84e9cfe9bf651b4701bb12640ad21d8513516a88_640.jpg,image/jpeg,0ee1d5e787affc7b80fa4fd981d15fc8c8a0756d,290000,/0e/e1/d5/e7/0ee1d5e787affc7b80fa4fd981d15fc8c8a0756d.jpg,,40953,21388
54198,2023-11-04 10:56:02,https://i1.ypcdn.com/blob/5dfa285c47fd031f1707775a4fbd63a2c9910100_640.jpg,image/jpeg,71d92f5525570b6567699443f3ef1461ef8e2cc9,184699,/71/d9/2f/55/71d92f5525570b6567699443f3ef1461ef8e2cc9.jpg,,40954,21388
6372,2023-10-30 07:59:28,https://i4.ypcdn.com/blob/3f1f1c161bceb7eec569368f6fb750e135f307ec_640.jpg,image/jpeg,e735650fef0ee4b242c703d09c5a73792269813e,89523,/e7/35/65/0f/e735650fef0ee4b242c703d09c5a73792269813e.jpg,,44152,24764
6374,2023-10-30 07:59:55,https://i1.ypcdn.com/blob/58b50e50e83e7b49383c3778cadc34713d7024db_640.jpg,image/jpeg,0328bac815cd6a6e22099767555859ff05a702a4,100218,/03/28/ba/c8/0328bac815cd6a6e22099767555859ff05a702a4.jpg,,44153,24764
6375,2023-10-30 08:00:12,https://i3.ypcdn.com/blob/1ee595939492503bb85a09f4fdf4c94573ac6b2a_640.jpg,image/jpeg,8e28a7a6d857fd74ac4d2be7ccf25bc2d37fb4cf,116316,/8e/28/a7/a6/8e28a7a6d857fd74ac4d2be7ccf25bc2d37fb4cf.jpg,,44154,24764
10020,2023-10-30 21:38:01,https://i1.ypcdn.com/blob/1e5374bc9080361f222b979812c12dfe653b2111_640.jpg,image/jpeg,2ae67b326aaaf2afa351abb982d14740235bd38d,152376,/2a/e6/7b/32/2ae67b326aaaf2afa351abb982d14740235bd38d.jpg,,45371,25981
10486,2023-10-30 22:24:30,https://i3.ypcdn.com/blob/52b807b746454dd9179ff4850e5a444f1e18b522_640.jpg,image/jpeg,bba3f695d0ef788013ba320ae1af8f835bb30dd8,176214,/bb/a3/f6/95/bba3f695d0ef788013ba320ae1af8f835bb30dd8.jpg,,45520,26035
10487,2023-10-30 22:24:46,https://i2.ypcdn.com/blob/4f8000cabf6df7cd96749fb71d6f5905d72801be_640.jpg,image/jpeg,e9508931baa1fe0230dda5d889db9d591e106e0d,156643,/e9/50/89/31/e9508931baa1fe0230dda5d889db9d591e106e0d.jpg,,45521,26035
10491,2023-10-30 22:25:38,https://i3.ypcdn.com/blob/06fcc61c25b48ec721dd82e9c0b7fd2713eaeb3b_640.jpg,image/jpeg,c0f272b01c5a3d39ff8c223815020fe8341030b5,126023,/c0/f2/72/b0/c0f272b01c5a3d39ff8c223815020fe8341030b5.jpg,,45522,26035
11710,2023-10-31 00:23:59,https://i3.ypcdn.com/blob/ec7435e855c4c8223a15d434d0dafc5b5b90b6f4_640.jpg,image/jpeg,c1338e0785954d43fac718dac07280a61c2fa9c6,119432,/c1/33/8e/07/c1338e0785954d43fac718dac07280a61c2fa9c6.jpg,,45939,26833
11713,2023-10-31 00:24:15,https://i3.ypcdn.com/blob/7250ed3bb024e59b43a44faa56fe07b6f1be0163_640.jpg,image/jpeg,1075c25d4ca66bd8bc0b0afe1ebc014186f8c0e5,106834,/10/75/c2/5d/1075c25d4ca66bd8bc0b0afe1ebc014186f8c0e5.jpg,,45940,26833
11717,2023-10-31 00:24:32,https://i4.ypcdn.com/blob/4ac6df68d94b177b11c7d22fd2dfef747a55b405_640.jpg,image/jpeg,d488061bac3ca2e96702a40f2dacbc80233f73e7,202752,/d4/88/06/1b/d488061bac3ca2e96702a40f2dacbc80233f73e7.jpg,,45941,26833
19540,2023-11-01 00:07:46,https://i2.ypcdn.com/blob/009ed325bb424d2b9240399826b584ef30aea642_640.jpg,image/jpeg,093d38b24a8a036a5ff0049207025da7ea4aa8da,147311,/09/3d/38/b2/093d38b24a8a036a5ff0049207025da7ea4aa8da.jpg,,48680,39428
35283,2023-11-03 04:39:09,https://i4.ypcdn.com/blob/41c4ba82e649af81b587e739b072ae86f22b5501_640.jpg,image/jpeg,fb74c409c99307e7c2fbd3acc58bd44f9340b872,228561,/fb/74/c4/09/fb74c409c99307e7c2fbd3acc58bd44f9340b872.jpg,,12408,63641
35286,2023-11-03 04:39:20,https://i3.ypcdn.com/blob/6b0e254d4cbfbd09b39c3d109e3fe5a478b81942_640.jpg,image/jpeg,9971a4566cfbec1c22ffc4eefc9c33e16896fbd1,183535,/99/71/a4/56/9971a4566cfbec1c22ffc4eefc9c33e16896fbd1.jpg,,12409,63641
55454,2023-11-04 13:08:07,https://i1.ypcdn.com/blob/77dd06a7b8a7377962ec5e54fe12aa536e1dade4_640.jpg,image/jpeg,5329285a1c0177d13305bd367c9d0d02d762bbbc,201599,/53/29/28/5a/5329285a1c0177d13305bd367c9d0d02d762bbbc.jpg,,19268,69761
56478,2023-11-04 17:13:52,https://i3.ypcdn.com/blob/32c9f4b08556bf49d00a6ed8afd8c70618d4a621_640.jpg,image/jpeg,d690189e822b4cd34d04b9cb3006023b30ce50d4,148441,/d6/90/18/9e/d690189e822b4cd34d04b9cb3006023b30ce50d4.jpg,,19620,70020
57609,2023-11-04 20:23:10,https://i1.ypcdn.com/blob/6f8d024d4cf28c72cb6f99ff22d61e392ee0eb87_640.jpg,image/jpeg,a6176f080e9cda60d76f6236c90e6e4cba066ad2,140185,/a6/17/6f/08/a6176f080e9cda60d76f6236c90e6e4cba066ad2.jpg,,20061,70308
57611,2023-11-04 20:23:34,https://i4.ypcdn.com/blob/fa439f1f26d524f62b25b4c7322b23a3aeaa8032_640.jpg,image/jpeg,cc406181d812d75f4624765ce58f818e35886b54,142418,/cc/40/61/81/cc406181d812d75f4624765ce58f818e35886b54.jpg,,20062,70309
57612,2023-11-04 20:23:56,https://i2.ypcdn.com/blob/d476f3b5bd7d7b8b71ccfa06c94dbdd5ceceb447_640.jpg,image/jpeg,a885862edf97df0895656a2be28b5516686dae47,234738,/a8/85/86/2e/a885862edf97df0895656a2be28b5516686dae47.jpg,,20063,70309
57613,2023-11-04 20:24:15,https://i1.ypcdn.com/blob/d05904f41575d62db99496d98ff23af5c34a7ea3_640.jpg,image/jpeg,c7ca63352e824959b36ae8ccc6db06709bd8cee5,150487,/c7/ca/63/35/c7ca63352e824959b36ae8ccc6db06709bd8cee5.jpg,,20064,70309
57614,2023-11-04 20:24:29,https://i4.ypcdn.com/blob/9a51be5fbe4162ec493ab1cdfbb310788b61a626_640.jpg,image/jpeg,c8ad94c4e5397dff3654452a12877033b3a182bf,189513,/c8/ad/94/c4/c8ad94c4e5397dff3654452a12877033b3a182bf.jpg,,20065,70309
59969,2023-11-05 02:01:43,https://i1.ypcdn.com/blob/e2c5157f1e616c88b876d34a222de279d6c58cf5_640.jpg,image/jpeg,2a7818e5cc94242d8c2940771adef762e1ced4c0,158592,/2a/78/18/e5/2a7818e5cc94242d8c2940771adef762e1ced4c0.jpg,,21276,71306
21045,2023-11-01 02:16:53,https://i4.ypcdn.com/blob/f033f17a26ce93ca1d09bfff96eaf6e8ed6bbc3f_640.jpg,image/jpeg,5abbdb112be55d293c18adf1499205dcef4df8d3,131018,/5a/bb/db/11/5abbdb112be55d293c18adf1499205dcef4df8d3.jpg,,29397,76403
25139,2023-11-01 20:46:00,https://i2.ypcdn.com/blob/9d46416dcba5e2cc8cf933c01bd59c0ef9bb4127_640.jpg,image/jpeg,8f5a33cd6cc1493650f8ad7fbbdabb4d0ae7bac5,117274,/8f/5a/33/cd/8f5a33cd6cc1493650f8ad7fbbdabb4d0ae7bac5.jpg,,30753,77881
25140,2023-11-01 20:46:26,https://i2.ypcdn.com/blob/7729c910ad764ad28202b4b0e4d9a4fb57f59b1d_640.jpg,image/jpeg,715068bd56e102602f20322aa8c90b1c17e52d1c,109799,/71/50/68/bd/715068bd56e102602f20322aa8c90b1c17e52d1c.jpg,,30754,77881
25142,2023-11-01 20:46:39,https://i4.ypcdn.com/blob/6b5892800c63882d3f057e4d0dc0187c5c36f128_640.jpg,image/jpeg,41f45523de964f47bb8a7f0a0e03438ca4e2471f,167301,/41/f4/55/23/41f45523de964f47bb8a7f0a0e03438ca4e2471f.jpg,,30755,77881
2744,2023-10-29 22:33:15,https://i2.ypcdn.com/blob/b31481de06b7f4f0df6d7ee218e62bb0b9569684_640.jpg,image/jpeg,dc8d42586efb8deeb8ad3f4f82c9da35a417da40,258173,/dc/8d/42/58/dc8d42586efb8deeb8ad3f4f82c9da35a417da40.jpg,,880,80651
2746,2023-10-29 22:33:33,https://i1.ypcdn.com/blob/aa66dbdf37ee4ed3fd26839f43aa9116b6e17440_640.jpg,image/jpeg,9577d671f6d8bd4a3b026f3c421c73ff7b80f80b,276347,/95/77/d6/71/9577d671f6d8bd4a3b026f3c421c73ff7b80f80b.jpg,,881,80651
2751,2023-10-29 22:33:54,https://i3.ypcdn.com/blob/909e0a65658bd7f8eeb473230526378ab7d3abd3_640.jpg,image/jpeg,6600cdbe0553e602f083a4e8c33c913c466408b4,314006,/66/00/cd/be/6600cdbe0553e602f083a4e8c33c913c466408b4.jpg,,882,80651
3588,2023-10-29 23:57:57,https://i2.ypcdn.com/blob/ef1a39b3dabdd30686ced570d4529f1b93bc3e45_640.jpg,image/jpeg,11ec82b81f3260dd48bc49f0d0da932bc328d2c7,181090,/11/ec/82/b8/11ec82b81f3260dd48bc49f0d0da932bc328d2c7.jpg,,1170,80825
3591,2023-10-29 23:58:37,https://i4.ypcdn.com/blob/a146f27f0d16b6c38e175c128b3d81cad707b200_640.jpg,image/jpeg,d6e402228a02ab82a0ec3ae1ef54d3b4c59bb51e,158284,/d6/e4/02/22/d6e402228a02ab82a0ec3ae1ef54d3b4c59bb51e.jpg,,1171,80825
3593,2023-10-29 23:58:51,https://i4.ypcdn.com/blob/824a1ed21e5a91fe90bc394bbc4a53f87c4b7005_640.jpg,image/jpeg,04473398c2d9270bee4283f1285b694695016d08,239595,/04/47/33/98/04473398c2d9270bee4283f1285b694695016d08.jpg,,1172,80825
3594,2023-10-29 23:59:03,https://i4.ypcdn.com/blob/6254a17109e30475a40274e866e9d7389264fe06_640.jpg,image/jpeg,63965afa205d8e58f537c3bed3d47aa2251b3c3f,152486,/63/96/5a/fa/63965afa205d8e58f537c3bed3d47aa2251b3c3f.jpg,,1173,80825
32005,2023-11-02 21:50:21,https://i4.ypcdn.com/blob/4911c985b364cebc83357f4c59fe331c61749623_640.jpg,image/jpeg,cef2f007c2657f10b2d557bb2f922b3fd9c99935,135109,/ce/f2/f0/07/cef2f007c2657f10b2d557bb2f922b3fd9c99935.jpg,,11323,89479
41824,2023-11-03 16:52:55,https://i2.ypcdn.com/blob/26bb4edbad6820391db0a666fb2aae4527944c3e_640.jpg,image/jpeg,3448a1b20dae034741c4a195398af831289cf4c0,180145,/34/48/a1/b2/3448a1b20dae034741c4a195398af831289cf4c0.jpg,,14567,93334
47037,2023-11-04 00:30:02,https://i4.ypcdn.com/blob/c0b58c520dcc2f298cf21ceef4f9efb6da58231c_640.jpg,image/jpeg,9ef81b4bb89b79ed13f7997609b1334cdfb5ed46,112400,/9e/f8/1b/4b/9ef81b4bb89b79ed13f7997609b1334cdfb5ed46.jpg,,16354,94736
47041,2023-11-04 00:30:14,https://i1.ypcdn.com/blob/52f56c6dd27a601bd0ff20b4afaa2e4f52a21070_640.jpg,image/jpeg,c33a909e5f55ff26396547129ff1e58c18dca267,108548,/c3/3a/90/9e/c33a909e5f55ff26396547129ff1e58c18dca267.jpg,,16355,94736
58127,2023-11-04 21:36:51,https://i3.ypcdn.com/blob/d4612c0c8815ed5ec43f5608f596480716dbf027_640.jpg,image/jpeg,93de3cd7490cc08d5077290fbfffef66609285c8,140713,/93/de/3c/d7/93de3cd7490cc08d5077290fbfffef66609285c8.jpg,,20326,99723
3001,2023-10-29 23:00:02,https://i1.ypcdn.com/blob/bdc52f098c00e03900eb1f4a72fcc18b7f071d00_640.jpg,image/jpeg,663e9e3f1053b256dde5fa8540eada12398dab6a,201105,/66/3e/9e/3f/663e9e3f1053b256dde5fa8540eada12398dab6a.jpg,,23114,101832
31359,2023-11-02 20:27:46,https://i1.ypcdn.com/blob/91af75a709c6e7443bf4141d75ef6e6c4c0bcab6_640.jpg,image/jpeg,5c12669c627b0dec5d00be7f6652caf242518816,19962,/5c/12/66/9c/5c12669c627b0dec5d00be7f6652caf242518816.jpg,,32923,113166
38992,2023-11-03 12:39:28,https://i4.ypcdn.com/blob/322eaec3353bcdd021b14e272c7ea563314fa2a0_640.jpg,image/jpeg,4a65eb87ea683397dc18f5d36b6f232832b604ed,88353,/4a/65/eb/87/4a65eb87ea683397dc18f5d36b6f232832b604ed.jpg,,35703,116295
38994,2023-11-03 12:39:36,https://i4.ypcdn.com/blob/abd3a22ca88a45e9ebf71f3fa315076935e39d5e_640.jpg,image/jpeg,53a4e7d945a092cfed787e92cf8deb0d53c0825f,114872,/53/a4/e7/d9/53a4e7d945a092cfed787e92cf8deb0d53c0825f.jpg,,35704,116295
38995,2023-11-03 12:39:46,https://i2.ypcdn.com/blob/ef3125b601e7c8cb52ed55cadc350d02a1cab55e_640.jpg,image/jpeg,6a74d3451bb8f713f40d9392bf276e60bf73fc6d,145358,/6a/74/d3/45/6a74d3451bb8f713f40d9392bf276e60bf73fc6d.jpg,,35705,116295
39002,2023-11-03 12:40:27,https://i1.ypcdn.com/blob/c2e921034cbf7d7af18eca0a64b7205ed6aff5b4_640.jpg,image/jpeg,e786b1564b7089d3a86b902e4d2679eb735dcfa8,152690,/e7/86/b1/56/e786b1564b7089d3a86b902e4d2679eb735dcfa8.jpg,,35706,116295
40831,2023-11-03 15:14:37,https://i2.ypcdn.com/blob/ff650ef68d9e5cec30654d4c827a195e0322e723_640.jpg,image/jpeg,651f7bfe3eb7e3be6ce91abf97de7cff42079a1c,132855,/65/1f/7b/fe/651f7bfe3eb7e3be6ce91abf97de7cff42079a1c.jpg,,36343,116943
4982,2023-10-30 02:48:18,https://i4.ypcdn.com/blob/8655591a50b0e643fae8a7096e222904f9467fc3_640.jpg,image/jpeg,0bc973fb3199260d043a3e87651c370abe4908bb,172596,/0b/c9/73/fb/0bc973fb3199260d043a3e87651c370abe4908bb.jpg,,1647,122431
4983,2023-10-30 02:48:39,https://i1.ypcdn.com/blob/35f0f54712d39e47e7807169a30fbdddd217f7fb_640.jpg,image/jpeg,6e108e3a4bdd57331e866321bec022a3c70443f0,137670,/6e/10/8e/3a/6e108e3a4bdd57331e866321bec022a3c70443f0.jpg,,1648,122431
7891,2023-10-30 14:04:02,https://i2.ypcdn.com/blob/8655591a50b0e643fae8a7096e222904f9467fc3_640.jpg,image/jpeg,0bc973fb3199260d043a3e87651c370abe4908bb,172596,/0b/c9/73/fb/0bc973fb3199260d043a3e87651c370abe4908bb.jpg,,2672,122431
7892,2023-10-30 14:04:36,https://i3.ypcdn.com/blob/35f0f54712d39e47e7807169a30fbdddd217f7fb_640.jpg,image/jpeg,6e108e3a4bdd57331e866321bec022a3c70443f0,137670,/6e/10/8e/3a/6e108e3a4bdd57331e866321bec022a3c70443f0.jpg,,2673,122431
20584,2023-11-01 01:33:18,https://i3.ypcdn.com/blob/e21299f28c644a30811f91ad1710046aeacd1ee8_640.jpg,image/jpeg,ae8a6c029e1cba150ace8e6d08e5a1217deb6a99,154536,/ae/8a/6c/02/ae8a6c029e1cba150ace8e6d08e5a1217deb6a99.jpg,,7272,128455
23031,2023-11-01 11:00:08,https://i2.ypcdn.com/blob/e21299f28c644a30811f91ad1710046aeacd1ee8_640.jpg,image/jpeg,ae8a6c029e1cba150ace8e6d08e5a1217deb6a99,154536,/ae/8a/6c/02/ae8a6c029e1cba150ace8e6d08e5a1217deb6a99.jpg,,8088,128455
27662,2023-11-02 00:45:08,https://i1.ypcdn.com/blob/c68052abf24e7ac289d79ad972cdfae589caec57_640.jpg,image/jpeg,46a57dd2aaefd0039abfbfec015bd63c9e22c424,162618,/46/a5/7d/d2/46a57dd2aaefd0039abfbfec015bd63c9e22c424.jpg,,9772,130588
29686,2023-11-02 09:35:24,https://i2.ypcdn.com/blob/c68052abf24e7ac289d79ad972cdfae589caec57_640.jpg,image/jpeg,46a57dd2aaefd0039abfbfec015bd63c9e22c424,162618,/46/a5/7d/d2/46a57dd2aaefd0039abfbfec015bd63c9e22c424.jpg,,10487,130588
51959,2023-11-04 07:51:33,https://i2.ypcdn.com/blob/b01c91fbadc480a5f7722bee783216161c42f5b8_640.jpg,image/jpeg,408475a4fef409d97958c36b2f09b194b55e0778,140275,/40/84/75/a4/408475a4fef409d97958c36b2f09b194b55e0778.jpg,,18045,136349
52216,2023-11-04 08:14:49,https://i1.ypcdn.com/blob/b01c91fbadc480a5f7722bee783216161c42f5b8_640.jpg,image/jpeg,408475a4fef409d97958c36b2f09b194b55e0778,140275,/40/84/75/a4/408475a4fef409d97958c36b2f09b194b55e0778.jpg,,18127,136349
36893,2023-11-03 08:59:50,https://i2.ypcdn.com/blob/0c318ce11ea349240faa7de6b839de738f9e66c4_640.jpg,image/jpeg,9a3a67ade7786fb30d40da124ef8d7aa9082ca3b,154785,/9a/3a/67/ad/9a3a67ade7786fb30d40da124ef8d7aa9082ca3b.jpg,,34922,154132
37340,2023-11-03 10:05:41,https://i2.ypcdn.com/blob/d99c271686cdc776732218f7a39f6839221f37f3_640.jpg,image/jpeg,cf6dd01efe74d55058dc186e88a2927413460f8a,177830,/cf/6d/d0/1e/cf6dd01efe74d55058dc186e88a2927413460f8a.jpg,,35098,154389
37953,2023-11-03 11:10:18,https://i3.ypcdn.com/blob/d99c271686cdc776732218f7a39f6839221f37f3_640.jpg,image/jpeg,cf6dd01efe74d55058dc186e88a2927413460f8a,177830,/cf/6d/d0/1e/cf6dd01efe74d55058dc186e88a2927413460f8a.jpg,,35319,154389
37415,2023-11-03 10:17:13,https://i1.ypcdn.com/blob/5c588fd10ff91af876c890a26ffcf09059b31ad9_640.jpg,image/jpeg,0ee659c7f0b4f63b1c09fec8d4552b064b6b3226,128370,/0e/e6/59/c7/0ee659c7f0b4f63b1c09fec8d4552b064b6b3226.jpg,,35125,154427
38024,2023-11-03 11:16:39,https://i3.ypcdn.com/blob/5c588fd10ff91af876c890a26ffcf09059b31ad9_640.jpg,image/jpeg,0ee659c7f0b4f63b1c09fec8d4552b064b6b3226,128370,/0e/e6/59/c7/0ee659c7f0b4f63b1c09fec8d4552b064b6b3226.jpg,,35344,154427
1130,2023-10-29 20:02:17,https://i1.ypcdn.com/blob/f6d201aff6e52e21f427be67cea4f20614b9d4fa_640.jpg,image/jpeg,cd5051affaf4bbcf23f970add0a086403be46760,309167,/cd/50/51/af/cd5051affaf4bbcf23f970add0a086403be46760.jpg,,42397,167284
1132,2023-10-29 20:02:30,https://i4.ypcdn.com/blob/7dc5a09a604f0ffb2acd6845f5de0fe6c3eaeaf6_640.jpg,image/jpeg,574bc7c2223881921f88b5fe876dbc3530274359,238912,/57/4b/c7/c2/574bc7c2223881921f88b5fe876dbc3530274359.jpg,,42398,167284
4901,2023-10-30 02:37:21,https://i1.ypcdn.com/blob/0e160c740a645b5bc4e8b7c32e6faf954ec02b77_640.jpg,image/jpeg,8f4746c1c195ea5ebca44ecb3b1f6efec83f402b,226519,/8f/47/46/c1/8f4746c1c195ea5ebca44ecb3b1f6efec83f402b.jpg,,43678,170286
7596,2023-10-30 12:02:24,https://i3.ypcdn.com/blob/c313db6f5e68bd090ec3cec76460f3c5382b30e2_640.jpg,image/jpeg,6e599ac25ebfa84b4a0e7b9f5ed491275e3e0114,200299,/6e/59/9a/c2/6e599ac25ebfa84b4a0e7b9f5ed491275e3e0114.jpg,,2561,203828
58825,2023-11-04 23:17:35,https://i1.ypcdn.com/blob/a66d5d2ba470032e57b77b3439d94421375174c0_640.jpg,image/jpeg,95ca69f858f2a7991e2d09d9328dc279d09138fc,207982,/95/ca/69/f8/95ca69f858f2a7991e2d09d9328dc279d09138fc.jpg,,20691,226699
58826,2023-11-04 23:17:42,https://i2.ypcdn.com/blob/7a4542801dab3c94b3bbf2800a42a0718d2dc02e_640.jpg,image/jpeg,f61f7efcfaef9880c325027d3a251cb23790f372,143421,/f6/1f/7e/fc/f61f7efcfaef9880c325027d3a251cb23790f372.jpg,,20692,226699
311,2023-10-29 18:15:08,https://i1.ypcdn.com/blob/80849c273d7305b3401df27b8a8ead133e5da03c_640.jpg,image/jpeg,5bd3dca001f9fc4f246804c6b57556285ed18fcc,105244,/5b/d3/dc/a0/5bd3dca001f9fc4f246804c6b57556285ed18fcc.jpg,,22154,227471
312,2023-10-29 18:15:14,https://i3.ypcdn.com/blob/0a144de4e968d8156fef2ce7401cc3a0bee8b942_640.jpg,image/jpeg,81d7cda487d4f3b9f68e34daf64626d4ad0cc850,104428,/81/d7/cd/a4/81d7cda487d4f3b9f68e34daf64626d4ad0cc850.jpg,,22155,227471
19124,2023-10-31 23:33:58,https://i1.ypcdn.com/blob/3160a852a7c6b23674324d397822ffebc612c64a_640.jpg,image/jpeg,59b1c261e4f9fa3d543f9e406304c18ace47a37c,160084,/59/b1/c2/61/59b1c261e4f9fa3d543f9e406304c18ace47a37c.jpg,,28733,234216
20759,2023-11-01 01:48:45,https://i3.ypcdn.com/blob/ca41bb82fafa652e269657f1c8e035d846d9ae72_640.jpg,image/jpeg,243bb0bfe58ae284a4d30900689fdec26c028ce5,181697,/24/3b/b0/bf/243bb0bfe58ae284a4d30900689fdec26c028ce5.jpg,,29299,238264
48459,2023-11-04 02:35:28,https://i3.ypcdn.com/blob/464310ca5b1e2a08d01745758f07865f2a426137_640.jpg,image/jpeg,431ab2fbd805072d03c5de1c34dd8c98f0c19586,291985,/43/1a/b2/fb/431ab2fbd805072d03c5de1c34dd8c98f0c19586.jpg,,39011,251154
48462,2023-11-04 02:35:37,https://i1.ypcdn.com/blob/6b97d994b34bd9870d92418e57dee5011d106780_640.jpg,image/jpeg,23aaa4feb615a6bf9475bb3319824e5982951240,237614,/23/aa/a4/fe/23aaa4feb615a6bf9475bb3319824e5982951240.jpg,,39012,251154
48463,2023-11-04 02:35:41,https://i4.ypcdn.com/blob/9b712e7872a4d074d1b18276ad46848d9b9ff0c7_640.jpg,image/jpeg,c03ce6be9854ce89b6947e29b947255179eda370,176674,/c0/3c/e6/be/c03ce6be9854ce89b6947e29b947255179eda370.jpg,,39013,251154
48466,2023-11-04 02:35:49,https://i2.ypcdn.com/blob/c78a1d1c00ef2a81ac1717fed9da9a42fb2533b6_640.jpg,image/jpeg,e38299a76d2f5c366e5d311dea078211630fec5c,165355,/e3/82/99/a7/e38299a76d2f5c366e5d311dea078211630fec5c.jpg,,39014,251154
51320,2023-11-04 07:03:13,https://i2.ypcdn.com/blob/deca1d84234b480d76f4e783b372c91dceafa03c_640.jpg,image/jpeg,2acc5e251d74cb4e33c3048dbc4b7c80e79d2d52,160676,/2a/cc/5e/25/2acc5e251d74cb4e33c3048dbc4b7c80e79d2d52.jpg,,39990,255254
51322,2023-11-04 07:03:23,https://i1.ypcdn.com/blob/d046585e4b43e8bf4fe356652b5bd0c95061f419_640.jpg,image/jpeg,f32ef0d5c53ebee7b6cdf53ed799d8b62f847482,223583,/f3/2e/f0/d5/f32ef0d5c53ebee7b6cdf53ed799d8b62f847482.jpg,,39991,255254
51325,2023-11-04 07:03:31,https://i2.ypcdn.com/blob/cb7f750e2ef43f1ea81a4d4702dbfbdddedadc7a_640.jpg,image/jpeg,59f3dc4edf46a37a5e0f3020a312b174bc811a7b,210911,/59/f3/dc/4e/59f3dc4edf46a37a5e0f3020a312b174bc811a7b.jpg,,39992,255254
56677,2023-11-04 17:47:28,https://i3.ypcdn.com/blob/8ff8b0d6b49141bbd2b306ae9907eda6a39814df_640.jpg,image/jpeg,3ec6e1af16751bdb23c9471a08bc4fc89c63b07c,207768,/3e/c6/e1/af/3ec6e1af16751bdb23c9471a08bc4fc89c63b07c.jpg,,41818,261573
2120,2023-10-29 21:38:58,https://i2.ypcdn.com/blob/869eac87139b6929840e0f377fee5b6eab3c38b2_640.jpg,image/jpeg,23afa6c1cd60e249591fec0ffd4df721522bcc56,237886,/23/af/a6/c1/23afa6c1cd60e249591fec0ffd4df721522bcc56.jpg,,42732,262862
2123,2023-10-29 21:39:12,https://i2.ypcdn.com/blob/686001525a9d689f627cc2f5268d4e241925ff4f_640.jpg,image/jpeg,3830abb3ed67531ce368c889229866163b246f2f,203619,/38/30/ab/b3/3830abb3ed67531ce368c889229866163b246f2f.jpg,,42733,262862
2127,2023-10-29 21:39:40,https://i3.ypcdn.com/blob/05c4a3b4dc9e05c16f3340b3ceb636519def674d_640.jpg,image/jpeg,d5b293bc344fc3214e6e24f81ea4d4bdc7241682,202278,/d5/b2/93/bc/d5b293bc344fc3214e6e24f81ea4d4bdc7241682.jpg,,42734,262862
4074,2023-10-30 00:51:41,https://i2.ypcdn.com/blob/823ba04446213110b4111a778b5e92cd263ae325_640.jpg,image/jpeg,1b41df9d741e172a2a8c72bfd8de322863dc528f,142791,/1b/41/df/9d/1b41df9d741e172a2a8c72bfd8de322863dc528f.jpg,,43407,263999
4081,2023-10-30 00:52:42,https://i2.ypcdn.com/blob/dd667827f4727824c82e940b9279a9769957e21f_640.jpg,image/jpeg,51334ffeab2aafe0be9250399dc7c394f04853fd,138781,/51/33/4f/fe/51334ffeab2aafe0be9250399dc7c394f04853fd.jpg,,43408,263999
4082,2023-10-30 00:52:50,https://i2.ypcdn.com/blob/28121ccafb18f80a81175cb219703761a8e4e9ba_640.jpg,image/jpeg,04af094c99a684b6076322a8748aaff8d44a6581,84382,/04/af/09/4c/04af094c99a684b6076322a8748aaff8d44a6581.jpg,,43409,263999
4085,2023-10-30 00:52:56,https://i1.ypcdn.com/blob/732a159ad4575b6791a9a5cc4d8bc2134437d36e_640.jpg,image/jpeg,9c4b97c9804b36670abd646acca91bbc07be4899,207559,/9c/4b/97/c9/9c4b97c9804b36670abd646acca91bbc07be4899.jpg,,43410,263999
5606,2023-10-30 04:30:55,https://i1.ypcdn.com/blob/6857eec15299e7c117ccd1cd3c171ed1147ba9f6_640.jpg,image/jpeg,2c1963e0c6a16424a0caf61fdb4e2c6fcf29cdd7,189125,/2c/19/63/e0/2c1963e0c6a16424a0caf61fdb4e2c6fcf29cdd7.jpg,,43907,264481
13685,2023-10-31 04:26:12,https://i2.ypcdn.com/blob/c1d19c24e1489192d11b0b0c66bb0f9d2018e21e_640.jpg,image/jpeg,d7ca42bcb6bc4890409c95cadd4368e621d86464,125678,/d7/ca/42/bc/d7ca42bcb6bc4890409c95cadd4368e621d86464.jpg,,46608,268992
25626,2023-11-01 21:30:10,https://i1.ypcdn.com/blob/badd081e47dd5258c3a9fada611b28b0fee41420_640.jpg,image/jpeg,f038d7df9c4e40c15c715d7c78208ed815b28824,279598,/f0/38/d7/df/f038d7df9c4e40c15c715d7c78208ed815b28824.jpg,,50760,283663
25630,2023-11-01 21:31:55,https://i1.ypcdn.com/blob/ae95e0ee35a7020667cbabb918134c6b50e848b3_640.jpg,image/jpeg,e0c3b91b9e4b253ce419150e8fe3b6200d61b900,391939,/e0/c3/b9/1b/e0c3b91b9e4b253ce419150e8fe3b6200d61b900.jpg,,50761,283663
25634,2023-11-01 21:32:10,https://i4.ypcdn.com/blob/88ec60a88067f1939a962fc0740a9a80f18210d2_640.jpg,image/jpeg,9ad08da3c5199fd8599127ea9d2506488609ce8a,273166,/9a/d0/8d/a3/9ad08da3c5199fd8599127ea9d2506488609ce8a.jpg,,50762,283663
25637,2023-11-01 21:32:23,https://i4.ypcdn.com/blob/87f46dfa6024c7d8dca5ec14c85bbe966aa65be6_640.jpg,image/jpeg,a558c9fcc6432948faf1f1955eec37e89bffac5a,70817,/a5/58/c9/fc/a558c9fcc6432948faf1f1955eec37e89bffac5a.jpg,,50763,283663
26717,2023-11-01 23:07:39,https://i1.ypcdn.com/blob/6742d18451fbdf5a66253f4d15d9390168e8f42c_640.jpg,image/jpeg,e133d5db86843cb91c45c01838e231885e0e5f93,248881,/e1/33/d5/db/e133d5db86843cb91c45c01838e231885e0e5f93.jpg,,51132,284314
28406,2023-11-02 02:11:16,https://i4.ypcdn.com/blob/bb2aeac965ef2f0277678ddf643aba22c9856cbb_640.jpg,image/jpeg,3f845fbf335515e83b7e4b00127841f3ea5ed473,254511,/3f/84/5f/bf/3f845fbf335515e83b7e4b00127841f3ea5ed473.jpg,,51704,285734
29176,2023-11-02 04:52:40,https://i4.ypcdn.com/blob/ef7b12535c2dcfcc95fa15e13c02c0af16ed25d9_640.jpg,image/jpeg,1a51454ee4e2f0364cc1128923e9e84c857a53b1,209877,/1a/51/45/4e/1a51454ee4e2f0364cc1128923e9e84c857a53b1.jpg,,51949,286120
35428,2023-11-03 04:52:25,https://i2.ypcdn.com/blob/d9d4ef7722abcbba28c2bc85ca01e1d247acc871_640.jpg,image/jpeg,6c81c97bbbb944663a280996931d22cdaba0b5ff,130430,/6c/81/c9/7b/6c81c97bbbb944663a280996931d22cdaba0b5ff.jpg,,54076,296337
35432,2023-11-03 04:52:38,https://i1.ypcdn.com/blob/03e04c3a746c0e34ffee89f7999a65ed1100e8bf_640.jpg,image/jpeg,f12e493628dc52e792aa93ab78b66b17aedb1e7e,343098,/f1/2e/49/36/f12e493628dc52e792aa93ab78b66b17aedb1e7e.jpg,,54077,296337
50798,2023-11-04 06:26:37,https://i1.ypcdn.com/blob/65842c28565513146530cb468c57c29464794b6f_640.jpg,image/jpeg,288ef82238b6e91abcecac1d7aa9966710bdee2a,195093,/28/8e/f8/22/288ef82238b6e91abcecac1d7aa9966710bdee2a.jpg,,59195,329197
50802,2023-11-04 06:26:45,https://i1.ypcdn.com/blob/54701167940af2330fa29318a92af2364225b774_640.jpg,image/jpeg,5677cddb7c3781c430b027769f58e944dcf8e58c,101777,/56/77/cd/db/5677cddb7c3781c430b027769f58e944dcf8e58c.jpg,,59196,329197
50804,2023-11-04 06:26:53,https://i1.ypcdn.com/blob/94c6d071b3336de1bcb9b7b916657400bd280a90_640.jpg,image/jpeg,24516d3b043341be0c16a65b16585d783b4dc1de,100633,/24/51/6d/3b/24516d3b043341be0c16a65b16585d783b4dc1de.jpg,,59197,329197
50805,2023-11-04 06:26:57,https://i4.ypcdn.com/blob/bb14ad8a75e84a175fd2720207d4d68e73d7d54f_640.jpg,image/jpeg,8c6116ff5edde05593880055194dd46bc7015806,143519,/8c/61/16/ff/8c6116ff5edde05593880055194dd46bc7015806.jpg,,59198,329197
57691,2023-11-04 20:36:38,https://i2.ypcdn.com/blob/4ee1bc0efc3b0959d9e4ba3bba8e0abf2da21ec5_640.jpg,image/jpeg,bf9a74322047c50675ea484bfc57a3c5b05fe22e,110003,/bf/9a/74/32/bf9a74322047c50675ea484bfc57a3c5b05fe22e.jpg,,61537,333652
58521,2023-11-04 22:40:43,https://i2.ypcdn.com/blob/e567997569aac9f31e80528daa7c7fb2d34e743d_640.jpg,image/jpeg,6ee2fcf53c512a2260d66a24c25cd2f9b5cc9f0a,174114,/6e/e2/fc/f5/6ee2fcf53c512a2260d66a24c25cd2f9b5cc9f0a.jpg,,61946,342500
61145,2023-11-05 06:15:18,https://i2.ypcdn.com/blob/ef11d98d9531b9c533e51352fc1ca580f5b1c22f_640.jpg,image/jpeg,3a621e8b06abcde1ceb979df1582417c6b728265,183835,/3a/62/1e/8b/3a621e8b06abcde1ceb979df1582417c6b728265.jpg,,63271,344956
61147,2023-11-05 06:16:09,https://i1.ypcdn.com/blob/eb76cc12248d584b0c186c7f53090b763281a5e2_640.jpg,image/jpeg,2f458b34c9bc68db3b19fc3097f485ab4fbbb3ec,223912,/2f/45/8b/34/2f458b34c9bc68db3b19fc3097f485ab4fbbb3ec.jpg,,63272,344956
61152,2023-11-05 06:17:15,https://i2.ypcdn.com/blob/db993d098c6c03278f5236a6ecb826e32c3e3a60_640.jpg,image/jpeg,814d418b55fc363926a316403d15962c3112d9a0,187317,/81/4d/41/8b/814d418b55fc363926a316403d15962c3112d9a0.jpg,,63273,344956
61154,2023-11-05 06:17:40,https://i4.ypcdn.com/blob/d9b1e325001b362fbdda4f46402a2945ba64c363_640.jpg,image/jpeg,568c7483a48ba243d3e10a3a3587fcea25cc041b,216771,/56/8c/74/83/568c7483a48ba243d3e10a3a3587fcea25cc041b.jpg,,63274,344956
3533,2023-10-29 23:51:01,https://i3.ypcdn.com/blob/3490508ee2bb05c81304749e63afead1fcdc0b0a_640.jpg,image/jpeg,ca616ab14aa28be7f04d0132d4b8d235df81f2c7,153432,/ca/61/6a/b1/ca616ab14aa28be7f04d0132d4b8d235df81f2c7.jpg,,1145,351021
26815,2023-11-01 23:15:11,https://i4.ypcdn.com/blob/f6800b2eb78ada194b0460d487045e98ebf5682f_640.jpg,image/jpeg,6ef731ac891abca0d558cc785afe8cee5e76bd9e,129719,/6e/f7/31/ac/6ef731ac891abca0d558cc785afe8cee5e76bd9e.jpg,,9495,358086
38415,2023-11-03 11:47:24,https://i2.ypcdn.com/blob/827bdf2cb1ff87a661df639a54539b28e66dbf18_640.jpg,image/jpeg,59116318b14a2963e35e144e5ae1965df51829a1,257051,/59/11/63/18/59116318b14a2963e35e144e5ae1965df51829a1.jpg,,13436,363784
1080,2023-10-29 19:58:32,https://i2.ypcdn.com/blob/a41af90add8400c43f039f96e5e5525d7b69a621_640.jpg,image/jpeg,5f7ad00743d3fe6c5ec84d93cac45b0f6b802fe3,137750,/5f/7a/d0/07/5f7ad00743d3fe6c5ec84d93cac45b0f6b802fe3.jpg,,22422,382142
1085,2023-10-29 19:58:47,https://i2.ypcdn.com/blob/f9d053111d2514457232795617af1a027040de28_640.jpg,image/jpeg,bdcc650bc0a9760da9fadf62d66232189fc1e9b8,141610,/bd/cc/65/0b/bdcc650bc0a9760da9fadf62d66232189fc1e9b8.jpg,,22423,382142
1088,2023-10-29 19:59:01,https://i1.ypcdn.com/blob/bb53ce456b1cbafab89374e526d852cc3f5f2f9a_640.jpg,image/jpeg,44103642c55a012805b2490879ba5740b25e56b3,176581,/44/10/36/42/44103642c55a012805b2490879ba5740b25e56b3.jpg,,22424,382142
1093,2023-10-29 19:59:14,https://i4.ypcdn.com/blob/d229a82a009c87efe774789b295e757eabe9d265_640.jpg,image/jpeg,9ee26705c4cbd2dc9aa2e481ea7c0377df21843f,121027,/9e/e2/67/05/9ee26705c4cbd2dc9aa2e481ea7c0377df21843f.jpg,,22425,382142
13325,2023-10-31 03:27:05,https://i1.ypcdn.com/blob/e3112a2d142aeec3d9f541cee975a7ea1ac8fb09_640.jpg,image/jpeg,05cb7b6af742367704588a42dfe4c6ec6f9863a3,128592,/05/cb/7b/6a/05cb7b6af742367704588a42dfe4c6ec6f9863a3.jpg,,26692,396018
13330,2023-10-31 03:27:31,https://i2.ypcdn.com/blob/10aa3a63e1e3d085669e0d88109ced48512e7d1e_640.jpg,image/jpeg,0e4e7fb43a020bd0002f0f5b6e7aa6e6afc4b11c,168426,/0e/4e/7f/b4/0e4e7fb43a020bd0002f0f5b6e7aa6e6afc4b11c.jpg,,26693,396018
13333,2023-10-31 03:27:51,https://i2.ypcdn.com/blob/cbb46017a084331a4bd2de9230bfbc34d75b883b_640.jpg,image/jpeg,b4ee7ce40a1b866d07b90a1cfda74140bb51c6f8,148606,/b4/ee/7c/e4/b4ee7ce40a1b866d07b90a1cfda74140bb51c6f8.jpg,,26694,396018
13341,2023-10-31 03:29:15,https://i3.ypcdn.com/blob/6fc66a8ecc128161b021a25e84a56f1ee357eb66_640.jpg,image/jpeg,44102379608ccdf19b8af1ed24995f4dfa295a7a,201563,/44/10/23/79/44102379608ccdf19b8af1ed24995f4dfa295a7a.jpg,,26695,396018
40349,2023-11-03 14:39:07,https://i4.ypcdn.com/blob/355991164063ba71189c4a66b0a9dd0e47810188_640.jpg,image/jpeg,cc1043ceed5d4ce179b2e812d3fe032352fb32ba,147284,/cc/10/43/ce/cc1043ceed5d4ce179b2e812d3fe032352fb32ba.jpg,,36195,413655
46657,2023-11-03 23:57:03,https://i4.ypcdn.com/blob/1026994fd364d99b04b3c71611aa4ddcbf44efe8_640.jpg,image/jpeg,27b66b36583280329fe79592249a2546a34f7226,144702,/27/b6/6b/36/27b66b36583280329fe79592249a2546a34f7226.jpg,,38406,417877
46871,2023-11-04 00:15:08,https://i2.ypcdn.com/blob/3898f8cbfe792938a9f0eca090529497cd51b857_640.jpg,image/jpeg,5d858431ae091613fd9811d09a147599382a8585,127133,/5d/85/84/31/5d858431ae091613fd9811d09a147599382a8585.jpg,,38467,417950
49472,2023-11-04 03:56:33,https://i3.ypcdn.com/blob/364531394ffec66a7134bd68a23f5151040fa4f5_640.jpg,image/jpeg,471ebe8b510c4d6164d362601c2e672f13e461c3,142608,/47/1e/be/8b/471ebe8b510c4d6164d362601c2e672f13e461c3.jpg,,39352,421830
51503,2023-11-04 07:17:31,https://i3.ypcdn.com/blob/0369050406fa76fb52ee2819f26560fb650af65e_640.jpg,image/jpeg,deac951e4e39463ea8e2f0e1ed892573849bc0ee,177116,/de/ac/95/1e/deac951e4e39463ea8e2f0e1ed892573849bc0ee.jpg,,40052,425410
51505,2023-11-04 07:17:44,https://i1.ypcdn.com/blob/6ee11590f99680ff13b3ad4418d60e4e6acda4e0_640.jpg,image/jpeg,2e21598de9947dcc9f89a54cbd1bcad36efdb18f,135727,/2e/21/59/8d/2e21598de9947dcc9f89a54cbd1bcad36efdb18f.jpg,,40053,425410
31168,2023-11-02 19:55:03,https://i1.ypcdn.com/blob/45b1fa759e013a3e80d4c7815f0f4bf001ea852a_640.jpg,image/jpeg,645503c4bfa06f467f13f77ef806e745a9321cb9,133091,/64/55/03/c4/645503c4bfa06f467f13f77ef806e745a9321cb9.jpg,,52606,469252
31370,2023-11-02 20:30:01,https://i1.ypcdn.com/blob/fc23f194616a9ea877514dd1047ede610c74cc17_640.jpg,image/jpeg,b265e98d783d7d9a22053fcc6c662ea4d7f6a802,268724,/b2/65/e9/8d/b265e98d783d7d9a22053fcc6c662ea4d7f6a802.jpg,,52685,469305
31372,2023-11-02 20:30:35,https://i2.ypcdn.com/blob/cb7d1ecbebc7150f7232abb7a37b3e6ce3cc482a_640.jpg,image/jpeg,b07042e2dba69221f77672c269d014a016eac969,295802,/b0/70/42/e2/b07042e2dba69221f77672c269d014a016eac969.jpg,,52686,469305
31373,2023-11-02 20:30:42,https://i3.ypcdn.com/blob/ab893b8bc518930ab3c4bb8a20362f6b13749c1c_640.jpg,image/jpeg,4ff6ee11a835ba0784206d8b2d02b7ae21a1d49e,187512,/4f/f6/ee/11/4ff6ee11a835ba0784206d8b2d02b7ae21a1d49e.jpg,,52687,469305
31376,2023-11-02 20:30:59,https://i4.ypcdn.com/blob/9e2f2d87d74a52594b28d68ac9f6a8a57be2e20f_640.jpg,image/jpeg,0017a4bd098977f89bbf06aad72a1f07e3f0f945,217366,/00/17/a4/bd/0017a4bd098977f89bbf06aad72a1f07e3f0f945.jpg,,52688,469305
35542,2023-11-03 05:01:38,https://i1.ypcdn.com/blob/8eb91ef213d60934b0241563c848855c9c790eac_640.jpg,image/jpeg,b1939182084f7858b5aab2878992fcf65b4697ea,213940,/b1/93/91/82/b1939182084f7858b5aab2878992fcf65b4697ea.jpg,,54107,473438
35545,2023-11-03 05:01:49,https://i3.ypcdn.com/blob/8213066a17b9bd9af75f3a7792e1b92f7507a8bb_640.jpg,image/jpeg,55e72b8cfcff71891311974c59ed98453b3552e3,180414,/55/e7/2b/8c/55e72b8cfcff71891311974c59ed98453b3552e3.jpg,,54108,473438
35549,2023-11-03 05:02:01,https://i1.ypcdn.com/blob/7df9225e8618258e169688b0231f103e72058cda_640.jpg,image/jpeg,a97917f89c70ad22cf394e3fc6d37a9d648637bd,273354,/a9/79/17/f8/a97917f89c70ad22cf394e3fc6d37a9d648637bd.jpg,,54109,473438
35554,2023-11-03 05:02:30,https://i1.ypcdn.com/blob/a54c1e042b977f6145dafa611828df4194f61cda_640.jpg,image/jpeg,422e9784d0f07ab0d75f2b87a80cdb989e743218,227129,/42/2e/97/84/422e9784d0f07ab0d75f2b87a80cdb989e743218.jpg,,54110,473438
38458,2023-11-03 11:51:32,https://i2.ypcdn.com/blob/774a06545ebeb455daa32ef07c314f2ab5fcb447_640.jpg,image/jpeg,d132d00fb9e7d2f352264e050c67def36c0f2758,113325,/d1/32/d0/0f/d132d00fb9e7d2f352264e050c67def36c0f2758.jpg,,55081,475733
53184,2023-11-04 09:39:23,https://i1.ypcdn.com/blob/fbe8ef3f6230dd084366a177b988e3e3e1922576_640.jpg,image/jpeg,8cfcbe482f32fe15b2a0744948b3ba487535693b,225066,/8c/fc/be/48/8cfcbe482f32fe15b2a0744948b3ba487535693b.jpg,,59985,490019
59140,2023-11-05 00:02:47,https://i4.ypcdn.com/blob/13628f78a80510e5f3f625ddfd29328d3a4f4c4f_640.jpg,image/jpeg,ef09019e052791658adb0c75ff641e093ce20e58,194395,/ef/09/01/9e/ef09019e052791658adb0c75ff641e093ce20e58.jpg,,62260,492280
59151,2023-11-05 00:04:36,https://i2.ypcdn.com/blob/429246c0f668bac05cb571940b1e923f09e2e2d5_640.jpg,image/jpeg,dedc8f0506d1a747108757bceea93fbc31f91724,320433,/de/dc/8f/05/dedc8f0506d1a747108757bceea93fbc31f91724.jpg,,62267,492282
59153,2023-11-05 00:04:49,https://i3.ypcdn.com/blob/00913bdaebb2ff17fda9f12ac31baa43f8bf9327_640.jpg,image/jpeg,f57c8c7ea8fd66d4efd41a30c4a5ed1b1b554401,197664,/f5/7c/8c/7e/f57c8c7ea8fd66d4efd41a30c4a5ed1b1b554401.jpg,,62268,492282
61260,2023-11-05 06:43:41,https://i2.ypcdn.com/blob/e925dc400aff7ff5032bee3943a99e18c260722e_640.jpg,image/jpeg,578bca3eaf746f19460ad7ad0f7a6e5c306b87af,105188,/57/8b/ca/3e/578bca3eaf746f19460ad7ad0f7a6e5c306b87af.jpg,,63329,493449
61261,2023-11-05 06:44:08,https://i4.ypcdn.com/blob/e00234a7ae8f9262180dc44c0eb141b544ea6112_640.jpg,image/jpeg,64333346b5a8bc2920f3ff6364acc84806b1fa44,100164,/64/33/33/46/64333346b5a8bc2920f3ff6364acc84806b1fa44.jpg,,63330,493449
61264,2023-11-05 06:44:25,https://i2.ypcdn.com/blob/70c4d01cd7efb09c9c46e98183e1e66284c047d2_640.jpg,image/jpeg,6df771e5b2a6651bc1ceaa1e1c794cc425f08456,87082,/6d/f7/71/e5/6df771e5b2a6651bc1ceaa1e1c794cc425f08456.jpg,,63331,493449
64818,2023-11-06 01:26:04,https://i4.ypcdn.com/blob/01faa4d8608946dfa78f250035276b2737fc11d5_640.jpg,image/jpeg,0c2af5b8403808729311683076de19f5cc790d05,168962,/0c/2a/f5/b8/0c2af5b8403808729311683076de19f5cc790d05.jpg,,66842,499740
65426,2023-11-06 04:13:33,https://i4.ypcdn.com/blob/5a4c3e50ad891ff2b66beb4f51f0c7c65161799e_640.jpg,image/jpeg,16c559edd5ac2a32d2166e8d121de29763d70f6a,164655,/16/c5/59/ed/16c559edd5ac2a32d2166e8d121de29763d70f6a.jpg,,67451,501762
63980,2023-11-05 21:28:21,https://i1.ypcdn.com/blob/e40b2c45e571ace4c3e176a2554188eda0fe16ad_640.jpg,image/jpeg,640e733a78ebf07a6cab409b36eee19a6625298c,177186,/64/0e/73/3a/640e733a78ebf07a6cab409b36eee19a6625298c.jpg,,66001,538851
63981,2023-11-05 21:28:27,https://i3.ypcdn.com/blob/d45c7b066080f306277b3a13ebb4e0e3f2b14516_640.jpg,image/jpeg,3cf683ac9efa7495fa5d5564f180daa96ba99557,205897,/3c/f6/83/ac/3cf683ac9efa7495fa5d5564f180daa96ba99557.jpg,,66002,538851
63982,2023-11-05 21:28:42,https://i2.ypcdn.com/blob/acae1baba3641e6e8672d1f9500e83ce375422b4_640.jpg,image/jpeg,31f5ab29dca8eec525a56bf4ebdeebd2f73e24e6,245231,/31/f5/ab/29/31f5ab29dca8eec525a56bf4ebdeebd2f73e24e6.jpg,,66003,538851
63983,2023-11-05 21:28:54,https://i2.ypcdn.com/blob/8096672a04d659af320fd9b197afee88a0eddd80_640.jpg,image/jpeg,508f8ae44394a8c3aef39255db03d1a6c2c130db,196981,/50/8f/8a/e4/508f8ae44394a8c3aef39255db03d1a6c2c130db.jpg,,66004,538851
62393,2023-11-05 14:08:29,https://i4.ypcdn.com/blob/798447d7ab8ee4481d8e7e76a23a8e71fb5d870c_640.jpg,image/jpeg,0b0efe976f02bd7c983071e0d51a9fa1381aa5bd,251720,/0b/0e/fe/97/0b0efe976f02bd7c983071e0d51a9fa1381aa5bd.jpg,,64408,570051
62822,2023-11-05 16:02:47,https://i2.ypcdn.com/blob/9ea1a76618eabefadde0fd7130064b1854904b2e_640.jpg,image/jpeg,f412663135dec02a6d83cca7c1f8232be62d4394,127494,/f4/12/66/31/f412663135dec02a6d83cca7c1f8232be62d4394.jpg,,64839,570356
