id,ts,_slug,review,beauty_salon_id,author,time,rating_stars,collect
1580,2023-10-09 13:39:38,/44fa782e-6d9f-4ec5-a4b5-be4a6a36e084,"Susan (the owner) is an amazing massage therapist....I've been going to her for the past year on the recommendation of many co-workers who also see her. I continued to see her for pregnancy massages as well. She helped my sciatica issues soooo much during pregnancy I can't thank her enough! Very relaxing environment too, I like that it isn't a spa setting but a more professional office setting. I've also been massaged by Angie and she is wonderful too! 5 stars all the way!",1497,Brooke R.,11/03/16,five,12
5669,2023-10-10 08:17:12,/B3D2F6CE-54B5-83DB-CD40-CAF71039A400,I had the best massage over there,5057,anonymous,03/12/10,five,
11638,2023-10-11 14:06:03,/2852E7E0-D625-2803-CD40-7C401039A400,I don't really have a routine or anything as far as cleansing my face (I should) and received my second facial ever at Nirvelli on a whim. I could not stop looking at my face after this service! I just felt so beautiful and clean! Top notch spa. I would recommend this place to anyone that wants/needs a facial!,9905,anonymous,05/31/11,five,
11639,2023-10-11 14:06:03,/28079E68-1452-A983-CD40-DBE51039A400,I don't really have a routine or anything as far as cleansing my face (I should) and received my second facial ever at Nirvelli on a whim. I could not stop looking at my face after this service! I just felt so beautiful and clean! Top notch spa. I would recommend this place to anyone that wants/needs a facial!,9905,anonymous,05/31/11,five,
11640,2023-10-11 14:06:03,/94A6F9D2-142B-E643-0D40-D6171039A400,"I had a wonderful experience at this spa... the staff was very friendly & helpful, and the music was relaxing along with some awesome candles/oil smells. I had a deep tissue massage because I had run a marathon a few days earlier and my therapist (Tracey) really worked on the kinks well without me feeling bruised and beat up afterwards. I will definitely be going back after my next race!",9905,anonymous,05/12/11,five,
11762,2023-10-11 14:39:14,/2A2D86AF-214D-ED1C-CD40-5F671039A400,"I am such a sucker for good massage that is why I don't stick to just one massage clinic but always on the scour for places like this. Hands on Health is definitely one those that are worth a visit. Once or twice a month, I visit the place for a good back and neck massage to rejuvenate those tired muscles and also to relieve the painful neck muscles. Swedish massage is my thing.",10035,,12/11/12,five,1
15341,2023-10-12 17:28:31,/2052B7BF-8767-E4A1-8D40-25971039A400,I would highly recommend Alexandria Massage Therapy. Their personal attention to the client's specific needs and their professional and knowledgeable staff is what keeps me coming back.,13391,anonymous,07/16/08,five,
17296,2023-10-13 09:00:07,/113B1925-352C-1DC7-69D4-D54F1039A400,"Facial on 5/21 and realized that evening that my debit card had been charged more than 3x the amount quoted. Called and spoke with the owner, who assured me it would be rectified in 48 hours. He also informed me the cashier had realized her mistake during the transaction, however, she did not communicate the error to me. It's now 6 days later and the money has not been credited to my account. I'm very disappointed to say the least.",16215,anonymous,05/27/14,one,
17297,2023-10-13 09:00:07,/14B00BB4-7ABD-C0D5-8CD4-80F91039A400,"Clean, friendly, relaxing, great location. I felt great afterwards. They took the time to go over a few exercises I should do for my lower back pain. The no fee monthly membership makes it more affordable for me to go back more than once a month.",16215,anonymous,03/09/11,five,
17298,2023-10-13 09:00:07,/CACDEE8A-FBF6-78B4-8D40-76E71039A400,"This was my first massage with Mind and Body. As I stated to the technician, If there were such a thing as heaven on earth I found it during my 1 hour treatment. It was wonderful how the table was heated and how comfortable and relaxing the room was with the dimmed lights and music. I will be looking forward to my next massage with Kris.",16215,anonymous,02/14/11,five,
18787,2023-10-13 17:34:45,/CB29DF43-580C-04BB-8D40-E4081039A400,One of the best places to get a professional chinese massage. They are very professional and courteous and I,17698,,03/28/13,five,4
18788,2023-10-13 17:34:45,/1D06DC8C-4026-D6DB-8D40-DFAE1039A400,"The Chinese Massage of Methuen is business that offers a warm friendly relaxing atmosphere, combined with a well versed staff in the art of Chinese Massage makes for a wonderful experience. We have found the pricing to be comparable for the area and offers adequate parking. Complements to the new owners.",17698,anonymous,04/15/12,five,
18789,2023-10-13 17:34:45,/7A47C76E-2147-A121-8D40-F54A1039A400,Very Professional Asian massage. This is a great place to get the knots out of your back. They massage therapists do a wonderful job.,17698,anonymous,03/02/12,five,
19544,2023-10-13 23:39:39,/A48CB94F-15CF-93B7-CD40-57501039A400,"Such a unique, amazing experience. Not only do they have spa therapies, they also offer yoga and a really amazing pilates-like class called Core Fusion.",18983,,02/15/07,five,1
20474,2023-10-14 12:25:37,/103FA240-6168-5536-94D4-AB291039A400,DR.Weiss and her staff really make you feel comfortable! This is the nicest and most relaxing MedSpa I have ever visited. Their Smartlipo technology is Top notch!,21388,,08/05/08,five,5
20475,2023-10-14 12:25:37,/CE83F3FF-8A98-F009-4D40-ECB11039A400,"Great atmosphere and personalized customer service! Dr. Weiss and Dr. Sarna are there everyday which makes me feel safe. The doctors do most of the services themselves including a lengthy consultation. My laser treatments were painless and my skin looks great. I am going back for SmartLipo next month, I can't wait! JG",21388,anonymous,08/04/08,five,
22545,2023-10-18 20:23:17,/276D9347-1B20-96D5-5D40-436B1039A400,"Groupon client comments also 89% would recommend to a friend and return themselves. Groupon Reviews: Loved my experience at the salon. Best facial ever! October 17, 2014 Wonderful experience! September 29, 2014 The Hydra facial was amazing! Derma care has a lot of other unique advanced facial treatments. August 28, 2014 It's easy to make appts online. They have different specials each month to check out. Service is very good. August 18, 2014 I would recommend Wet Diamond facial with quantum hydration. I have oily skin, and this treatment for perfect for me. July 26, 2014 Very nice and explains a lot about skin. July 11, 2014 Loved it! My skin has never felt better ! May 30, 2014 Very nice setting, very relaxing. Friendly staff. May 21, 2014",25981,anonymous,11/05/14,five,
22546,2023-10-18 20:23:17,/A28E8AAC-3A9B-A14D-8D40-C6F71039A400,"Hi Diane! I had a facial appointment with you yesterday. Thank you so much for such a great, informative session, I actually learned a lot, and my face feels great!",25981,anonymous,12/18/10,five,
22547,2023-10-18 20:23:17,/4D2564A1-D2A7-AEA9-8D40-23071039A400,Highly recommended. Frankly I was never treated better and my skin looked and felt marvelous.,25981,anonymous,04/12/08,five,
1861,2023-10-09 15:11:01,/67B88B7E-1CC4-0711-8D40-AD8A1039A400,I had the best Massage ever here. I loved the Hot Rock Therapy!!!!! I can't remember the girls name that did my massage but everytime I have been there I have had different employee's and all are good!!!,56025,,10/04/06,five,2
10630,2023-10-11 08:55:56,/10560039-E5E0-FDEF-31D4-580B1039A400,wonderful massage every time!,70210,anonymous,04/19/15,five,
10631,2023-10-11 08:55:56,/3373D796-851B-0202-DD40-74971039A400,I have never had a massage before by a professional and I must say that I really enjoyed it. I even think I may have fallen asleep for a little bit when Jackie was working on my head. I came home and took a great nap.Thank you so much.,70210,anonymous,04/05/15,five,
10632,2023-10-11 08:55:56,/332783A9-A902-5C02-DD40-7CD81039A400,I have never had a massage before by a professional and I must say that I really enjoyed it. I even think I may have fallen asleep for a little bit when Jackie was working on my head. I came home and took a great nap.Thank you so much.,70210,anonymous,04/05/15,five,
10633,2023-10-11 08:55:56,/32DC3A30-E72F-DD82-DD40-D8581039A400,I have never had a massage before by a professional and I must say that I really enjoyed it. I even think I may have fallen asleep for a little bit when Jackie was working on my head. I came home and took a great nap.Thank you so much.,70210,anonymous,04/05/15,five,
10634,2023-10-11 08:55:56,/13AE9B7A-7424-6A81-DDD4-6D9E1039A400,Excellent work,70210,anonymous,03/18/15,five,
10635,2023-10-11 08:55:56,/6CBC9656-2AF9-9593-9D40-2C7C1039A400,Cassie is excellent! Her massages have helped so much with my back pain!,70210,anonymous,02/10/15,five,
10636,2023-10-11 08:55:56,/229E1859-7673-F05B-9D40-3F151039A400,Excellent massage. Cassie is the best. Very nice people working here. Definitely will return.,70210,anonymous,01/17/15,five,
10637,2023-10-11 08:55:56,/B7111DB0-E961-0EF9-5D40-D3301039A400,"Cassie gave a very informed, caring massage that really helped my tense neck.",70210,anonymous,11/10/14,five,
10638,2023-10-11 08:55:56,/3D3E2BAB-36F8-90EB-5D40-94711039A400,"Definitely the only place to go to get a massage. I walked in expecting a simple feel-good massage, but got much more. I got a deep tissue massage which really helped my body actually be better, vs. just feeling better. Anna was phenomenal, a real master of her craft!",70210,anonymous,10/26/14,five,
10639,2023-10-11 08:55:56,/3CF1C18A-035A-124B-5D40-FC851039A400,"Definitely the only place to go to get a massage. I walked in expecting a simple feel-good massage, but got much more. I got a deep tissue massage which really helped my body actually be better, vs. just feeling better. Anna was phenomenal, a real master of her craft!",70210,anonymous,10/26/14,five,
10640,2023-10-11 08:55:56,/C80FF9FF-AD4F-C7C1-D400-D50B1039A400,Jackie gave a great deep tissue massage and hit all the most tense spots. She also gave me some helpful input on stretches that will help me. I always love coming here.,70210,anonymous,09/28/14,five,
10641,2023-10-11 08:55:56,/BDF1F270-0FD8-8962-DD40-96A31039A400,Experienced a 90 minute massage by Anna yesterday and it was fabulous! She is very skilled at massage and very good if you have any injury like I do. I've experienced others but Anna is tops! I highly recommend her and this business.Tom,70210,anonymous,06/25/14,five,
10642,2023-10-11 08:55:56,/F62E8100-2534-B7FA-0D40-1D361039A400,The stone message is wonderful. Enjoyed the experience and schedule massages regularly.,70210,,05/12/06,five,1
10682,2023-10-11 09:12:49,/4853EB02-79C8-5917-8D40-1D711039A400,I would recommend this place to anyone!,70308,,12/13/06,five,1
10683,2023-10-11 09:13:03,/12E9442B-654C-23D0-1D40-639C1039A400,"Everyone here is too amazing! I went for aid with my acne and noticed a difference after deep facial! They provide great skin care products although there was no pressure to buy. In addition to facials, they also provide waxing services.",70309,,02/06/14,five,1
10684,2023-10-11 09:13:03,/DE2B2A0F-FD7E-5FFB-1D40-7CEF1039A400,I have been really happy with the service of beautykliniek. I had tried to several massage centers and finally I have decided to fix beautykliniek. They provide great service and the price is affordable too.,70309,,02/03/14,five,1
15385,2023-10-12 17:54:58,/13A7D624-7672-C99B-A4D4-61941039A400,My daughter and I went to Slice of Heaven and we both had wonderful experiences. Everything was plush. The ambience was great. Tea and cookies were available while we were greeted. We left feeling we received more than what we paid for (unusual for today). We plan to return the treatment was superb!website: sliceofheavenspa.com,78027,,06/03/08,five,1
4870,2023-10-10 05:06:38,/3802f966-66d6-45a0-97ec-c01c8ca46642,Changes is the best! Truly a 1 stop shop for anything and everything I need! So happy I found them!,130588,Michelle O.,06/21/14,five,1
4871,2023-10-10 05:06:38,/543cb4d0-ce70-012e-ee17-00237da0e880,Extremely satisfied. I have been going to Changes Salon and Spa for a few years now . It is awesome. The staff is very friendly and professional. They offer everything at a reasonale price. They are always udating and have a fresh look to the place and offer new services all the time. Everyone should try this Salon there is no need to go anywhere else. It saved me time and money hunting for the right place instead I just stay where I am happy...!!,130588,wakely,10/01/11,five,2
4872,2023-10-10 05:06:38,/a60c0250-b768-012d-5dfb-18a9053c171e,I've been going to Changes with my family for years. The have exceptionally friendly staff and do a great job. Becky Bennett is the best!,130588,dkalista,10/11/10,four,2
1142,2023-10-09 11:22:40,/1030CEAD-2639-057D-B9D4-61401039A400,"This is one of my favorite places to go to when I'm in New York City. A very relaxing spa, very professional but friendly. A must!",204049,anonymous,06/10/14,five,
1143,2023-10-09 11:22:40,/13B637EB-7522-9BC3-79D4-ACDD1039A400,"i.e., A local favorite, or highly recommended becauseI had an amazing experience at Faina European Day Spa! The atmosphere of the entire spa is very soothing and relaxing and we all know living in NYC can get a little hectic. However, the staff made me feel at home, treated me with so much attention and care, making every cent worth it. Me and my boyfriend had an amazing experience here with the couples massage, the champagne and chocolate, the mani-pedi for us, and the individuals facials. We left with glowing skin!! I recommend this to anyone that is looking for a luxurious experience on a budget.",204049,anonymous,06/07/14,five,
1144,2023-10-09 11:22:40,/A85C1277-B994-2AC5-4D40-14171039A400,The Massage Therapists give amazing massages at this Spa. Very relaxing. I absolutely love this place! The staff is professional but friendly!,204049,anonymous,08/24/13,five,
1145,2023-10-09 11:22:40,/11AC97AE-AC94-7B7B-80D4-AD021039A400,"I enjoyed my treatments very much and will be back! Theresa, Eleanora, and Barno were amazing!",204049,,07/31/13,five,1
1146,2023-10-09 11:22:40,/1263A4CE-E1DB-9010-5CD4-24BA1039A400,"It was a great first time experience. Very good scrub, facial and massage. I feel refreshed. I will definitely recommend to my friends and relatives. I will be back! -AMS",204049,,05/25/13,five,1
1147,2023-10-09 11:22:40,/1372B74C-4E0D-1507-5CD4-6E141039A400,I give this Spa 5 starts. I came here maybe 5 years ago and loved it. It's still the best experience 5 years later.,204049,,05/14/13,five,1
1148,2023-10-09 11:22:40,/13BA33EF-CD17-F6D7-CCD4-5C241039A400,"I go here regularly and always have a positive experience. I'm a guy, so I know I'm not a typical spa-goer, but Faina has a great staff, and I am always relaxed after the body scrubs and massages, and even the facials and extractions are done in a relaxing atmosphere. The cost may be a little high compared to other places, but for me it's worth it because of the stress relief; I just save up a little longer for each visit. I recommend Faina to anyone looking to have a soothing break from the New York grind.",204049,anonymous,05/06/13,five,
1149,2023-10-09 11:22:40,/8E94D64D-A6F3-F11D-8D40-7CEF1039A400,"After giving birth 11 months ago, I had a much needed Body Scrub and Massage. It was very soothing and relaxing. For that hour and a half all of my diaper and bottle worries had faded away. The staff are very warming and you can never go wrong with champagne and chocolate. Thank you ladies! See you again soon",204049,anonymous,04/23/13,five,
1150,2023-10-09 11:22:40,/2E0109A7-F008-24D5-8D40-67891039A400,"One of the most relaxing hours I've had in my life! Geanina my massage therapist was attentive towards the trouble-areas I complained about, and really took the time to loosen up my knots. Very professional. Service always makes the difference - and the service here was first class in New York City! From the minute you walk in, you feel transported to another realm with the calming music and the aroma of this day spa. The employees are also very kind and delightful. I was greeted with some tea which I think is a nice touch. I'm in love with this place and wouldn't go anywhere else. Spa highly recommended.",204049,anonymous,04/16/13,five,
1151,2023-10-09 11:22:40,/62E9EE9D-35F1-582F-8D40-1EC21039A400,"I went to this spa last week with my daughters. It was my first time there and in a Spa in general. I just would like to share with the experience I had so that people can get an idea what it feels like to be pampered. As soon as we came in the receptionist took our coats. They provided us with the robe, slippers and all the other necessary stuff. I had a package (don't remember the name of it) ? with several services included. They started with mani and pedi which I really enjoyed. While the technician was doing my nails, Elina, the receptionist, offered me and my kids their special herbal tea ?it tasted sooooo good.. After that I had a massage. The therapist worked on the spots that were bothering me the most. After that terrific massage I thought I could fly! And the main thing is that it was the first experience in a spa not only for me, but for my little girls as well. They were a bit scared in the beginning, but the staff made them relax and they really enjoyed the treatments. The rooms are cozy and clean, music and atmosphere make you forget about everything in the world!!! I would definitely recommend this spa to my family friends who really need to be pampered.",204049,anonymous,04/11/13,five,
1152,2023-10-09 11:22:40,/81F7A63C-0A27-23B8-8D40-DA051039A400,"This place has specials all the time, which is fantastic because I can actually afford to go here once a month! Everyone from the front desk to the therapists are all extremely nice and professional. The environment is clean and comfortable. I was there with a friend last time and we both left relaxed and rejuvenated. This day spa has the best massages in New York City and the best facials in Midtown Manhattan. I can't wait to go back and experience a Couples Spa Package!",204049,anonymous,04/08/13,five,
14454,2023-10-12 12:51:39,/4379AEE2-5384-AEEC-D400-F3BA1039A400,"I really like Wellness Wisdom. It's a nice, comfortable environment. And the massage therapist asked questions to find out where I was sore. I'll go back and tell friends and family.",238264,anonymous,01/18/10,four,
27208,2023-10-21 10:33:20,/10C4B99B-AC4E-23F6-14D4-1B5E1039A400,Terrible experience,285734,anonymous,02/16/09,one,
27209,2023-10-21 10:33:20,/5C3BAB0E-DCEE-576B-0D40-16081039A400,My experience at Angelic Healing Hands was not the best. I have been to many spa in Portland and the strange Egypian decor along with constant talking by the front desk staff that you can hear while getting a massage is not for me.,285734,anonymous,02/07/09,two,
31952,2023-10-24 16:55:23,/e327c91f-031e-4366-95bb-7f4634e2407d,"I have been a loyal customer since 2008. I can not even think of trying another spa for my facials. Judy and Rina make Akoya Spa a place to love to go to. From their friendliness to their professionalism to their expertise, I am just so grateful that I found them.",338224,Karen C.,05/18/15,five,1
1488,2023-10-09 13:15:21,/D0448D77-0BB7-7592-0D40-89731039A400,"Andra gives one of the best facials in town! I have been going to her for many years. You get much more than an amazing facial. The aromatherapy and the scalp, neck, hand and foot massage make it a total healing spa experience. I always make sure to treat myself to a session each year on my birthday and before I became a mom to twins I was on a regular facial maintenance schedule. My skin always glows after her services. Her new spa is beautiful! Great product line... and she is fun and sassy.",353166,,08/18/11,five,1
13502,2023-10-12 06:08:00,/4FD9E50C-1F50-A6F9-0D40-ACC11039A400,great job,396018,,04/17/06,five,674
16064,2023-10-12 21:46:47,/4263B16E-3CE0-E5F9-4D40-B2461039A400,"I highly recommend Dr. Fugere because he truly cares about his patients. He listens & takes the time needed with each patient. I never feel that he is rushing or just going thru the motions. Also his office is very warm & inviting, I especially appreciate the children's play room. My children actually look forward to going to Dr. T's!!",409022,,03/10/08,five,1
19182,2023-10-13 20:55:15,/36FB1CD5-FA5D-0DBD-CD40-522B1039A400,"I've been a customer here for years. Always outstanding service, they frequently take last minute appointments, love the atmosphere and their Russian Banya appointment is THE BEST spa treatment ever! I would highly recommend this day spa to anyone looking for a wonderful experience!",417950,,06/18/12,five,1
25808,2023-10-20 06:33:55,/29DF8CDE-C8A2-C345-1D40-D4371039A400,"Also, during my last experience there I was greeted by a gentleman who told me he was the manager who smelled of alcohol and was slurring his words so much he was spraying me in the face. I came in to get a gift certificate and was extremely thrown off by his behavior . Very disappointed !!!",461595,anonymous,05/12/15,one,
25809,2023-10-20 06:33:55,/27E053C7-B509-4F85-1D40-304E1039A400,A Healing Trail was always top-notch in the past but in the last couple years they have taken on therapists with very little education and who are right out of school. I feel that a Healing Trail No longer exudes the experience it used to. I have already taken my business elsewhere,461595,anonymous,05/12/15,one,
28000,2023-10-21 21:30:16,/13F543C9-777F-421F-30D4-A9081039A400,The people here are so nice and really seem to care about the clients. It's a relaxed atmosphere and I'm always happy with my experience. I highly recommend it to anyone in the area or visiting!,469785,,05/28/06,five,1
28001,2023-10-21 21:30:16,/925FEF6E-C6E0-F5C4-0D40-7C001039A400,"I have been to several other spas in the area and I've also had massages all over the world. None of them compare to this wellness center nestled in Ghent. The service is impeccable, the massage therapists are knowledgeable and highly skilled. I have been impressed by all of them. They are thoroughly trained and truly know what they are doing. If you want a quality massage at a reasonable rate then this is the place to go! The atmosphere is very relaxed and holistic. I like to go to my appointment early just to take in the great smells and read various books on alternative health. This is my favorite place in Hampton Roads. A true healing experience each and every time!",469785,,04/09/06,five,1
28002,2023-10-21 21:30:16,/B6EEC4B9-9781-6FCC-CD40-FDD21039A400,,469785,,01/26/06,five,1
31648,2023-10-24 10:45:00,/FE826470-764C-1E63-4D40-E56A1039A400,Lumiere Skin and Laser is fabulous! I've used a lot of different people for FotoFacials. They did a great job with absolutely no pain!,484002,,09/20/13,five,1
31649,2023-10-24 10:45:00,/5F0D6660-372B-25CF-0D40-DF551039A400,"One of the BEST DECISION I have ever made was to go to Lumiere for my Laser treatments. No pressure sales, simple posted prices, no games, a full body promo which has no expiry date as of now, a variety of (I think 6 different ones) latest & most effective laser machines, instead of one machine one technology treats all. Extremely courteous, ALL FEMALE laser technicians that made me feel comfortable and offered FULL PRIVACY. I verified that all of the employees there are equally trained and qualified, and found out that they have to be either a licensed nurse or a licensed master esthetician. Their policy of rotating or not guaranteeing the same technician does not bother me, in fact it gives each one of them an incentive to strive for doing better and consistent with their laid out standards rather than having favorites. They informed me that every treatment detail is noted in the record and the following treatment is accordingly adjusted by the technician.3 times hair almost all gone",484002,,05/19/10,five,1
33639,2023-10-25 08:48:48,/B6A7E7AE-E5DB-0CE2-8D40-D4C51039A400,This spa does REAL reflexology and it is fantastic. I spent 10 years thinking I had arthritis in my right shoulder and one treatment from this oriental medicine practitioner was all it took to make me pain free!! Beware of other spas who say they do reflexology....ask for credentials...many spas just give foot massages and call it reflexology. This spa is absolutely fantastic!!,492280,,12/05/06,five,1
33641,2023-10-25 08:49:19,/0b2a076b-11f9-49e1-a724-16e8dde5054a,"They are very professional, nice and they make you feel comfortable. I'm always more relaxed when leaving. Highly recommend!",492282,,2 days ago,five,3
33642,2023-10-25 08:49:19,/e7ed26bb-0db7-4340-b08a-a585894a6f6a,"Very clean! Hot springs tub nice and hot ""Relaxing"" &hour long massage was excellent professional and very relaxing I would recommend this place to my friends and family I gave them 5 stars.",492282,,a month ago,five,3
33643,2023-10-25 08:49:19,/4a6623f5-a634-4228-82fa-0530ecfcf16c,"A wonderful space for rest, relaxation and rejuvenation. The Spa staff members were kind and attentive. The environment was peaceful and clean.",492282,,09/22/23,five,2
33644,2023-10-25 08:49:19,/43073c05-17e7-4899-a5ca-d9f0fcf37ea2,The best spa in the area. All the massage therapists are wonderful. All around great place to get your needs met and be treated like a queen. Staff is very knowledgeable and friendly every time I call in or in the spa!,492282,,08/24/23,five,4
33645,2023-10-25 08:49:19,/0f59f971-754e-4f4e-82de-421efd4d3bd5,The front staff is always so kind and accommodating. I especially love the appointment reminders to ensure the patient is aware of the next scheduled visit! All areas of this spa are always tidy and fully stocked. I’d recommend anyone looking to relax and feel pampered come to this spa.,492282,,08/22/23,five,5
33646,2023-10-25 08:49:19,/6bf637eb-09da-41b1-a53c-d49032d5df33,Best spa experience and massage of my life. It is a pretty penny but you get your moneys worth. Just a wonderful experience. Already recommended to others.,492282,,07/21/23,five,3
33647,2023-10-25 08:49:19,/361d0f5a-69fe-4aa8-8106-0c569c93e8c3,"Absolutely marvelous spa. Lots of different treatments available, very comfortable setting and excellent customer service.",492282,,07/14/23,five,2
33648,2023-10-25 08:49:19,/8873f154-b0fc-4dff-a9d0-d1e18435e4ff,Wonderful! I really enjoyed my relaxing massage and body wrap spa package from Yuan Spa. The staff were all very nice and professional. Thank you for a great spa experience.,492282,,06/23/23,five,4
33649,2023-10-25 08:49:19,/d3195a04-c201-47fe-bfdb-262f10e8a411,I am a regular at the Spa and have to let you know that every time I go in I get a fabulous experience. The staff is wonderful and the facials I get from Yuan spa are making me look younger every month! I have also had many other services performed here and I have been happy with all of them. I will keep coming back for more.,492282,,06/12/23,five,3
33650,2023-10-25 08:49:19,/ddaf8d5b-ab36-4287-b3f7-efd4a163b164,"Fabulous practitioner. My skin glows, thanks to their technique and product recommendations. .",492282,,06/08/23,five,1
33651,2023-10-25 08:49:19,/48ac82ec-910a-49fa-9107-2527ccc627fb,"Amazing service, very clean, very professional, very relaxing, and very experienced. Loved spending my day there.",492282,,05/10/23,five,5
33652,2023-10-25 08:49:19,/7a22c82d-6c9b-4e28-a099-835993e12496,"I am a regular client at Yuan Spa - Totem Lake and have been going there for years. I love every aspect of this place. I feel like family when I enter Yuan Spa. My regular services include manicures and waxing, and occasionally I will treat myself to a massage. The owners are deeply committed to providing the best spa experience. I would highly recommend Yuan Spa - Totem Lake, and I often do.",492282,,04/26/23,five,1
33653,2023-10-25 08:49:19,/54f899a2-f5a7-4357-be25-46c11d151560,First time going here. I love this place! I went for a pedicure. Staff was very thorough and gentle with my feet. My feet are sensitive and they did very well at not hurting them and made them feel like I'm walking on fluffy pillows. The entire atmosphere of the place is wonderful! It's very peaceful and tranquil. I will definitely be back for another spa pedicure.,492282,,04/18/23,five,3
34861,2023-10-25 20:04:38,/22e2f484-69fb-4325-bb25-4af476f78a13,"My mother surprised me for my birthday by scheduling an hour massage and facial. I also had lunch, dessert, and even sangria. I've been to my fair share of salons/spas and never have I been treated so ""delightfully,"" for lack of a better word. The staff was very friendly and helpful, the massage was everything I was looking for and the facial I had done left my face feeling amazing for days!!",494325,Becky F.,12/05/16,five,1
34862,2023-10-25 20:04:38,/b5846bdb-5142-438d-9023-20676be4a92d,I loved everything about this spa. I didn't have any issues. Everyone was so accommodating to my visit.,494325,Els L.,01/22/16,five,1
34863,2023-10-25 20:04:38,/088fa191-b271-420c-9de2-70e82093ae26,"Great, Great, Great! LOVED it! Such a pleasing experience. Everything was so nice! The smells, the lighting, the theme, the location, i enjoyed it all. I will definitely be coming again.",494325,Carlos S.,01/20/16,five,1
34864,2023-10-25 20:04:38,/0c34ca26-bdf6-4675-a022-c144a6ee2c6f,"With this spa right on the water but yet away from all the hustle and bustle, it feels so great to be able to go right up the street and enjoy a few hours getting pampered at this relaxing location.",494325,Chasity H.,01/20/16,five,1
34865,2023-10-25 20:04:38,/aad03f9b-b735-4cc5-82cd-cf7d863fb5ab,This is one of my favorite get aways! Local but yet you feel like you're on a mini get away! The cottage like feel is such a great way to rejuvenate. I love getting away from the fast pace every day life. A relaxing nature spa right outside their doors is seriously beautiful!,494325,Chas S.,01/20/16,five,1
34866,2023-10-25 20:04:38,/f30ca814-23bc-4cd2-92eb-b0de90334672,"This place is a hidden gem. The spa is a quaint 100 year old house, right on the water. You will forget you are in Stuart! The services are all amazing, and the food is great as well! Get yourself a membership. It's worth it :)",494325,Nina I.,02/18/15,five,1
34867,2023-10-25 20:04:38,/f41ba112-3ff6-4536-ab73-8a039df5fd12,"I love massages so much,that i get one every two weeks. When I called adayofdelight spa in Stuart to make an appointment,the person that I spoke to confirm, was very polite. Then when I got there the therapist was very welcoming, felt like home.The intake was done, then proceeded to area for my massage the Therapist Allen did a fantastic job. Then I bump into the owner for the business, which introduce herself as Petra (very, very nice). All the few hours I that spent at the spa was excellent.In my mind I give adayofdelight spa a nine and half rating. Esthelene Stewart.",494325,thalia.profitt,06/09/14,five,1
34868,2023-10-25 20:04:38,/C56943EE-800E-16DC-CD40-783B1039A400,"Next to golds Gym ... Easy to find. Staff was Friendly .. Atmosphere was nice.. Last tint was perfect, Massage was excellant, Wall must be paper thin you could here everyone and everything from the rooms next door. : ( even after the music was turned up twice.",494325,,12/22/05,four,7
35960,2023-10-26 05:04:43,/144203F5-8758-0E86-08D4-C2261039A400,They take my insurance and the clinic feels like a spa. My therapist is always smiling and I genuinly have a nice visit each time.,499740,,11/03/05,five,1
36763,2023-10-26 17:15:24,/AEB81C64-90F3-91E1-D400-9F121039A400,Greatest message ever,503764,anonymous,03/20/14,five,
36764,2023-10-26 17:15:24,/57B7BC37-0EE8-8225-CD40-A95B1039A400,One of the best massages I've ever experienced,503764,,03/27/07,five,4
36765,2023-10-26 17:15:24,/6C660646-79A9-BEA8-4D40-164B1039A400,"Excellent service, very professional, cute shop, nice service providers, great deals, would recommend to anyone!",503764,,07/31/06,five,1
37743,2023-10-27 04:29:07,/27b1a0fe-6b55-11de-8b9c-001b7805bc2a-685,I had a terrible experience here- to the point that I had to go and see my dermatologist because I had broken out in a rash after my facial. Upon further examination and after all of my stress I later found out from multiple peole that this is the norm and that this spa is considered the worst in Savannah. I have found another spa I love- and will continue to vote with my wallet (and with my reviews) which is all I can do. The owner Celeste was rude and dismissive when I tried to reach out to her about my rash and the lack of experience my esthetician had- so I have no choice but to leatn from my mistake and hope that other people don't choose this terrible place.,557649,barkleyhogghightower,07/08/09,one,2
37744,2023-10-27 04:29:07,/52246288-a777-11dd-8203-00215a4909ac-827,I had quite a delightful afternoon. Will see you again soon. And I would recommend you anytime!,557649,chrisn900,10/31/08,five,1
37745,2023-10-27 04:29:07,/1a62c4fc-05ab-11dd-a225-001b7805bc2a-363,"I had an awesome massage from Lingeela and wonderful facial from Donna.Relaxing Tranquil Enviroment!, Great Staff!I would highly recommend Savannah Day Spa to everyone!Thank you for a Fabulous Experience!Donna B.",557649,brockman123,04/08/08,five,1
37746,2023-10-27 04:29:07,/d6666bc4-c427-11dc-8470-001b78054eaa-708,We had a great experience and enjoyed it.,557649,jacclb4,01/16/08,four,25
36212,2023-10-26 08:16:28,/690172CF-10A8-71CE-8D40-E4B11039A400,"My husband, and I had a wondrful couples massage. It really is a great place to add on specials to packages, and they are just great in service!!! We actually had such a wonderful time we got pulled over for driving too slow!!! I highly suggest this SPA and will go again!!!",572933,,12/10/10,five,1
38902,2023-10-28 03:35:46,/CD4A0E0E-8BAA-8D2C-CD40-1F431039A400,great,601960,anonymous,03/15/10,five,
